productName,description,categoryId,price,productStatus
청도 아삭한 오이,신선한 청도산 오이로 아삭한 식감이 일품입니다.,7d4b5c6d-7e8f-4c8c-d7a1-77b8c9d0e1f2,7800,ON_SALE
고당도 해남 고구마,해남에서 자란 달달한 고구마로 깊은 풍미가 느껴집니다.,390d1e2f-3a4b-4e4e-f3c7-33d4e5f6a7b8,12000,ON_SALE
밀양 특·상급 쪽파,엄선된 밀양의 쪽파로 향긋함이 가득합니다.,7d4b5c6d-7e8f-4c8c-d7a1-77b8c9d0e1f2,6500,ON_SALE
제주 햇출하 무,신선한 제주산 무로 아삭한 식감이 매력적입니다.,390d1e2f-3a4b-4e4e-f3c7-33d4e5f6a7b8,4500,ON_SALE
완도 산지 선별 배추,완도에서 직접 선별한 배추로 신선함이 가득합니다.,e45e6f7a-8b9c-49f9-a8d2-88e9f0a1b2c3,9000,ON_SALE
고창 아삭한 청경채,신선한 청경채에 대한 상세 설명입니다.,067a8b9c-0d1e-4b1b-c0f4-00a1b2c3d4e5,15800,ON_SALE
햇출하 쫀득한 수세미 호박,자연 그대로의 수세미 호박에 대한 상세 설명입니다.,7d4b5c6d-7e8f-4c8c-d7a1-77b8c9d0e1f2,21000,ON_SALE
제주 특·상급 무,신선한 제주산 무에 대한 상세 설명입니다.,390d1e2f-3a4b-4e4e-f3c7-33d4e5f6a7b8,12500,ON_SALE
밀양 고당도 방울토마토,달콤한 방울토마토에 대한 상세 설명입니다.,7d4b5c6d-7e8f-4c8c-d7a1-77b8c9d0e1f2,18000,ON_SALE
완도 엄선한 파프리카,신선한 파프리카에 대한 상세 설명입니다.,067a8b9c-0d1e-4b1b-c0f4-00a1b2c3d4e5,22000,ON_SALE
특·상급 완도 전복,신선한 바다의 맛을 담은 전복입니다.,7d4b5c6d-7e8f-4c8c-d7a1-77b8c9d0e1f2,35000,ON_SALE
고창 아삭한 배추,아삭한 식감과 신선함을 자랑하는 배추입니다.,e45e6f7a-8b9c-49f9-a8d2-88e9f0a1b2c3,12000,ON_SALE
밀양 엄선된 한우,부드럽고 진한 풍미의 한우입니다.,9f6d7e8f-9a0b-4e0e-f9c3-99d0e1f2a3b4,85000,ON_SALE
햇출하 성주 참외,달달하고 아삭한 성주 참외입니다.,d34d5e6f-7a8b-48e8-f7c1-77d8e9f0a1b2,18000,ON_SALE
청도 특·상급 포도,풍부한 당도를 자랑하는 청도 포도입니다.,d34d5e6f-7a8b-48e8-f7c1-77d8e9f0a1b2,22000,ON_SALE
제주산 엄선한 고등어,신선한 제주산 고등어에 대한 상세 설명입니다.,7d4b5c6d-7e8f-4c8c-d7a1-77b8c9d0e1f2,19850,ON_SALE
산지 선별 특·상급 한우,엄선된 한우의 품질에 대한 상세 설명입니다.,9f6d7e8f-9a0b-4e0e-f9c3-99d0e1f2a3b4,52800,ON_SALE
신선한 동해안 오징어,동해에서 잡은 신선한 오징어에 대한 상세 설명입니다.,7d4b5c6d-7e8f-4c8c-d7a1-77b8c9d0e1f2,17400,ON_SALE
달콤한 제주산 흑돼지,제주 흑돼지의 풍미에 대한 상세 설명입니다.,9f6d7e8f-9a0b-4e0e-f9c3-99d0e1f2a3b4,47500,ON_SALE
고창산 아삭한 무,아삭한 식감의 고창산 무에 대한 상세 설명입니다.,390d1e2f-3a4b-4e4e-f3c7-33d4e5f6a7b8,8500,ON_SALE
아삭한 해남 청경채,신선한 해남 청경채에 대한 상세 설명입니다.,067a8b9c-0d1e-4b1b-c0f4-00a1b2c3d4e5,15800,ON_SALE
특·상급 성주 고구마,고소한 맛이 일품인 성주 고구마에 대한 상세 설명입니다.,390d1e2f-3a4b-4e4e-f3c7-33d4e5f6a7b8,12000,ON_SALE
고당도 논산 배추,신선하고 달콤한 논산 배추에 대한 상세 설명입니다.,e45e6f7a-8b9c-49f9-a8d2-88e9f0a1b2c3,9500,ON_SALE
엄선된 제주 애호박,부드러운 식감의 제주 애호박에 대한 상세 설명입니다.,7d4b5c6d-7e8f-4c8c-d7a1-77b8c9d0e1f2,8900,ON_SALE
쫀득한 태안 무,아삭하고 쫀득한 태안 무에 대한 상세 설명입니다.,390d1e2f-3a4b-4e4e-f3c7-33d4e5f6a7b8,6500,ON_SALE
엄선된 제주 천혜향,제주에서 자란 신선한 천혜향의 풍부한 과즙을 즐겨보세요.,d34d5e6f-7a8b-48e8-f7c1-77d8e9f0a1b2,26900,ON_SALE
특급 아삭한 영주 사과,영주에서 자생한 과즙이 풍부한 사과로 상큼한 맛을 선사합니다.,e45e6f7a-8b9c-49f9-a8d2-88e9f0a1b2c3,32000,ON_SALE
고당도 밀양 복숭아,밀양에서 자란 달콤하고 신선한 복숭아를 만나보세요.,d34d5e6f-7a8b-48e8-f7c1-77d8e9f0a1b2,29500,ON_SALE
산지 선별 고창 수박,고창의 햇수박으로 여름의 시원함을 가득 담았습니다.,d34d5e6f-7a8b-48e8-f7c1-77d8e9f0a1b2,24800,ON_SALE
신선한 해남 참외,해남에서 조심스럽게 재배된 달고 아삭한 참외를 경험해보세요.,d34d5e6f-7a8b-48e8-f7c1-77d8e9f0a1b2,21500,ON_SALE
햇출하 아삭한 청상추,신선한 청상추에 대한 상세 설명입니다.,067a8b9c-0d1e-4b1b-c0f4-00a1b2c3d4e5,15800,ON_SALE
제주산 특·상급 방울토마토,신선한 방울토마토에 대한 상세 설명입니다.,7d4b5c6d-7e8f-4c8c-d7a1-77b8c9d0e1f2,22000,ON_SALE
고창산 고당도 생양파,달콤한 생양파에 대한 상세 설명입니다.,067a8b9c-0d1e-4b1b-c0f4-00a1b2c3d4e5,13450,ON_SALE
신선한 산지 선별 무,산지에서 직송된 무에 대한 상세 설명입니다.,390d1e2f-3a4b-4e4e-f3c7-33d4e5f6a7b8,8500,ON_SALE
밀양산 쫀득한 가지,신선한 가지에 대한 상세 설명입니다.,7d4b5c6d-7e8f-4c8c-d7a1-77b8c9d0e1f2,14200,ON_SALE
아삭한 청도 오이,신선하고 아삭한 식감의 청도산 오이입니다.,7d4b5c6d-7e8f-4c8c-d7a1-77b8c9d0e1f2,12000,ON_SALE
엄선된 영주 배추,"영주에서 자란 특·상급 배추로, 신선함이 뛰어납니다.",e45e6f7a-8b9c-49f9-a8d2-88e9f0a1b2c3,15000,ON_SALE
달달한 제주 고구마,제주에서 자생한 달달한 맛의 고구마입니다.,390d1e2f-3a4b-4e4e-f3c7-33d4e5f6a7b8,18000,ON_SALE
특선 완도 미역,완도에서 자연 그대로 자란 특선 미역입니다.,067a8b9c-0d1e-4b1b-c0f4-00a1b2c3d4e5,25000,ON_SALE
햇출하 대파,"신선한 대파로, 다양한 요리에 활용하기 좋은 제품입니다.",067a8b9c-0d1e-4b1b-c0f4-00a1b2c3d4e5,9500,ON_SALE
제주산 달달한 한라봉,과일류 한라봉에 대한 상세 설명입니다.,d34d5e6f-7a8b-48e8-f7c1-77d8e9f0a1b2,28900,ON_SALE
고창 자생 모과,신선하고 향긋한 모과에 대한 상세 설명입니다.,7d4b5c6d-7e8f-4c8c-d7a1-77b8c9d0e1f2,17500,ON_SALE
엄선된 샤인머스캣,프리미엄 품질의 샤인머스캣에 대한 상세 설명입니다.,d34d5e6f-7a8b-48e8-f7c1-77d8e9f0a1b2,45900,ON_SALE
전라북도 특·상급 복숭아,아삭한 식감의 복숭아에 대한 상세 설명입니다.,d34d5e6f-7a8b-48e8-f7c1-77d8e9f0a1b2,32000,ON_SALE
해남산 고당도 느타리버섯,신선하고 쫀득한 느타리버섯에 대한 상세 설명입니다.,067a8b9c-0d1e-4b1b-c0f4-00a1b2c3d4e5,22000,ON_SALE
아삭한 청도 대파,신선한 청도에서 자란 아삭한 대파의 상세 설명입니다.,067a8b9c-0d1e-4b1b-c0f4-00a1b2c3d4e5,18200,ON_SALE
특·상급 해남 고구마,해남에서 자란 특·상급 고구마의 상세 설명입니다.,390d1e2f-3a4b-4e4e-f3c7-33d4e5f6a7b8,14500,ON_SALE
고당도 밀양 배추,"밀양의 햇배추로, 고당도의 풍미를 자랑합니다.",e45e6f7a-8b9c-49f9-a8d2-88e9f0a1b2c3,9800,ON_SALE
엄선된 제주 감자,제주에서 엄선된 신선한 감자의 상세 설명입니다.,390d1e2f-3a4b-4e4e-f3c7-33d4e5f6a7b8,12000,ON_SALE
쫀득한 성주 참외,성주에서 수확한 쫀득한 참외의 상세 설명입니다.,d34d5e6f-7a8b-48e8-f7c1-77d8e9f0a1b2,22000,ON_SALE
해남 아삭한 청경채,신선하게 자란 청경채의 아삭한 식감과 담백한 맛을 자랑합니다.,067a8b9c-0d1e-4b1b-c0f4-00a1b2c3d4e5,9800,ON_SALE
고창 엄선된 적채,"고창에서 자란 특·상급의 적채로, 풍부한 맛과 색감을 제공합니다.",7d4b5c6d-7e8f-4c8c-d7a1-77b8c9d0e1f2,6200,ON_SALE
제주 고당도 가지,"제주산 고당도 가지로, 부드러운 식감과 달콤한 맛이 특징입니다.",7d4b5c6d-7e8f-4c8c-d7a1-77b8c9d0e1f2,7500,ON_SALE
밀양 산지 선별 완두콩,"밀양에서 선별된 신선한 완두콩으로, 달콤한 맛이 일품입니다.",7d4b5c6d-7e8f-4c8c-d7a1-77b8c9d0e1f2,5400,ON_SALE
태안 햇출하 쑥갓,"태안에서 햇출하된 신선한 쑥갓으로, 향긋한 맛을 느낄 수 있습니다.",067a8b9c-0d1e-4b1b-c0f4-00a1b2c3d4e5,4300,ON_SALE
햇출하 아삭한 청경채,신선하고 아삭한 식감의 청경채에 대한 상세 설명입니다.,067a8b9c-0d1e-4b1b-c0f4-00a1b2c3d4e5,12000,ON_SALE
특품 고창 무,달큰하고 아삭한 식감의 고창산 무에 대한 상세 설명입니다.,390d1e2f-3a4b-4e4e-f3c7-33d4e5f6a7b8,8000,ON_SALE
제주산 유기농 시금치,신선하고 부드러운 제주산 유기농 시금치에 대한 상세 설명입니다.,067a8b9c-0d1e-4b1b-c0f4-00a1b2c3d4e5,15000,ON_SALE
엄선된 성주 참외,달달하고 아삭한 성주산 참외에 대한 상세 설명입니다.,d34d5e6f-7a8b-48e8-f7c1-77d8e9f0a1b2,10000,ON_SALE
산지 직송 신선한 쪽파,향긋하고 아삭한 식감의 신선한 쪽파에 대한 상세 설명입니다.,7d4b5c6d-7e8f-4c8c-d7a1-77b8c9d0e1f2,7000,ON_SALE
산지 선별로 고른 쫀득한 새우,신선한 바다에서 잡은 쫄깃한 새우에 대한 상세 설명입니다.,7d4b5c6d-7e8f-4c8c-d7a1-77b8c9d0e1f2,27500,ON_SALE
제주산 특·상급 오징어,부드럽고 풍미가 가득한 제주산 오징어에 대한 상세 설명입니다.,7d4b5c6d-7e8f-4c8c-d7a1-77b8c9d0e1f2,19900,ON_SALE
고창 햇출하 쌈채소 믹스,신선한 고창산 쌈채소 믹스에 대한 상세 설명입니다.,067a8b9c-0d1e-4b1b-c0f4-00a1b2c3d4e5,15000,ON_SALE
신선한 밀양 수산물 바지락,자연산 바지락의 풍미가 살아있는 제품에 대한 상세 설명입니다.,7d4b5c6d-7e8f-4c8c-d7a1-77b8c9d0e1f2,22000,ON_SALE
아삭한 태안 해조류,바다의 맛을 그대로 담은 아삭한 해조류에 대한 상세 설명입니다.,7d4b5c6d-7e8f-4c8c-d7a1-77b8c9d0e1f2,13000,ON_SALE
영주산 아삭한 청상추,신선한 영주에서 자란 아삭한 식감의 청상추입니다.,067a8b9c-0d1e-4b1b-c0f4-00a1b2c3d4e5,14500,ON_SALE
햇출하 고당도 양파,햇출하로 만난 달달한 양파입니다.,067a8b9c-0d1e-4b1b-c0f4-00a1b2c3d4e5,18000,ON_SALE
완도 해풍에 자란 특·상급 브로콜리,완도의 해풍을 맞고 자란 신선한 브로콜리입니다.,067a8b9c-0d1e-4b1b-c0f4-00a1b2c3d4e5,23000,ON_SALE
특별히 선별된 태안 자생 시금치,특별히 선별된 태안 지역의 신선한 시금치입니다.,067a8b9c-0d1e-4b1b-c0f4-00a1b2c3d4e5,17000,ON_SALE
쫀득한 식감의 보성 고구마,보성에서 자란 쫀득한 식감의 고구마입니다.,390d1e2f-3a4b-4e4e-f3c7-33d4e5f6a7b8,20000,ON_SALE
특·상급 고추,매운맛이 잘 살아있는 고추에 대한 상세 설명입니다.,067a8b9c-0d1e-4b1b-c0f4-00a1b2c3d4e5,12000,ON_SALE
달달한 무농약 당근,자연 그대로의 맛을 가진 당근에 대한 상세 설명입니다.,390d1e2f-3a4b-4e4e-f3c7-33d4e5f6a7b8,17500,ON_SALE
산지 선별 엄선한 브로콜리,영양가 높은 신선한 브로콜리에 대한 상세 설명입니다.,067a8b9c-0d1e-4b1b-c0f4-00a1b2c3d4e5,19500,ON_SALE
햇출하 아삭한 청도 오이,신선하고 아삭한 식감의 청도 오이입니다.,7d4b5c6d-7e8f-4c8c-d7a1-77b8c9d0e1f2,7800,ON_SALE
산지 선별 제주 쑥갓,신선한 제주 쑥갓으로 향긋한 맛을 느껴보세요.,067a8b9c-0d1e-4b1b-c0f4-00a1b2c3d4e5,6200,ON_SALE
고당도 밀양 토마토,진한 풍미와 달콤함이 매력적인 밀양 토마토입니다.,7d4b5c6d-7e8f-4c8c-d7a1-77b8c9d0e1f2,10500,ON_SALE
엄선된 영주 양배추,아삭한 식감과 신선함이 돋보이는 영주 양배추입니다.,d34d5e6f-7a8b-48e8-f7c1-77d8e9f0a1b2,4700,ON_SALE
제주 햇방풍,신선한 제철 방풍에 대한 상세 설명입니다.,7d4b5c6d-7e8f-4c8c-d7a1-77b8c9d0e1f2,18900,ON_SALE
고창 특·상급 한우,엄선된 고품질 한우에 대한 상세 설명입니다.,9f6d7e8f-9a0b-4e0e-f9c3-99d0e1f2a3b4,59900,ON_SALE
밀양 아삭한 무,신선하고 아삭한 맛의 밀양 무에 대한 상세 설명입니다.,390d1e2f-3a4b-4e4e-f3c7-33d4e5f6a7b8,12900,ON_SALE
완도 신선한 굴,자연 그대로의 맛을 지닌 신선한 굴에 대한 상세 설명입니다.,7d4b5c6d-7e8f-4c8c-d7a1-77b8c9d0e1f2,24900,ON_SALE
영주 고당도 사과,달달하고 신선한 영주 사과에 대한 상세 설명입니다.,e45e6f7a-8b9c-49f9-a8d2-88e9f0a1b2c3,15900,ON_SALE
햇출하 아삭한 고구마,신선한 고구마에 대한 상세 설명입니다.,390d1e2f-3a4b-4e4e-f3c7-33d4e5f6a7b8,15800,ON_SALE
완도 특·상급 미역,신선한 미역에 대한 상세 설명입니다.,067a8b9c-0d1e-4b1b-c0f4-00a1b2c3d4e5,24500,ON_SALE
제주산 고당도 당근,아삭한 당근에 대한 상세 설명입니다.,390d1e2f-3a4b-4e4e-f3c7-33d4e5f6a7b8,12900,ON_SALE
태안 엄선된 버섯,신선한 버섯에 대한 상세 설명입니다.,067a8b9c-0d1e-4b1b-c0f4-00a1b2c3d4e5,18900,ON_SALE
고창산 쫀득한 감자,신선한 감자에 대한 상세 설명입니다.,390d1e2f-3a4b-4e4e-f3c7-33d4e5f6a7b8,17300,ON_SALE
아삭한 청도 배추,신선한 청도 지역에서 자란 아삭한 배추입니다.,e45e6f7a-8b9c-49f9-a8d2-88e9f0a1b2c3,14500,ON_SALE
특·상급 해남 무,"해남에서 자란 특·상급 무로, 풍부한 맛이 특징입니다.",390d1e2f-3a4b-4e4e-f3c7-33d4e5f6a7b8,9800,ON_SALE
고당도 완도 미역,"완도에서 채취한 고당도 미역으로, 건강한 영양소가 가득합니다.",067a8b9c-0d1e-4b1b-c0f4-00a1b2c3d4e5,12000,ON_SALE
햇출하 밀양 시금치,"햇출하된 밀양 시금치로, 신선한 맛과 영양을 담고 있습니다.",067a8b9c-0d1e-4b1b-c0f4-00a1b2c3d4e5,8900,ON_SALE
쫀득한 성주 콩나물,"성주 지역에서 수확한 쫀득한 콩나물로, 요리에 적합합니다.",178b9c0d-1e2f-4c2c-d1a5-11b2c3d4e5f6,7500,ON_SALE
제주 해산물 모듬,신선한 해산물로 구성된 제주산 모듬입니다.,7d4b5c6d-7e8f-4c8c-d7a1-77b8c9d0e1f2,52900,ON_SALE
특·상급 고창 참외,아삭한 식감과 달달한 맛이 일품인 고창 참외입니다.,d34d5e6f-7a8b-48e8-f7c1-77d8e9f0a1b2,23900,ON_SALE
완도 자연산 전복,신선한 바다의 맛을 그대로 담은 완도산 전복입니다.,7d4b5c6d-7e8f-4c8c-d7a1-77b8c9d0e1f2,89900,ON_SALE
햇출하 청도 감귤,상큼하고 달콤한 청도산 감귤입니다.,d34d5e6f-7a8b-48e8-f7c1-77d8e9f0a1b2,19900,ON_SALE
밀양 품질 좋은 돼지고기,부드럽고 풍미가 뛰어난 밀양산 돼지고기입니다.,9f6d7e8f-9a0b-4e0e-f9c3-99d0e1f2a3b4,32900,ON_SALE
햇출하 고당도 천혜향,상큼하고 달콤한 풍미가 가득한 천혜향입니다.,d34d5e6f-7a8b-48e8-f7c1-77d8e9f0a1b2,18800,ON_SALE
산지 선별 아삭한 사과,신선하고 아삭한 식감의 프리미엄 사과입니다.,e45e6f7a-8b9c-49f9-a8d2-88e9f0a1b2c3,15900,ON_SALE
특·상급 레드향 오렌지,진한 풍미와 달콤함이 조화를 이룬 레드향 오렌지입니다.,d34d5e6f-7a8b-48e8-f7c1-77d8e9f0a1b2,21500,ON_SALE
청도에서 온 쫀득한 복숭아,달콤하고 쫀득한 식감이 매력적인 청도 복숭아입니다.,d34d5e6f-7a8b-48e8-f7c1-77d8e9f0a1b2,23000,ON_SALE
엄선된 제주 흑돼지,축산물 흑돼지에 대한 상세 설명입니다.,9f6d7e8f-9a0b-4e0e-f9c3-99d0e1f2a3b4,38900,ON_SALE
신선한 완도 전복,수산물 전복에 대한 상세 설명입니다.,7d4b5c6d-7e8f-4c8c-d7a1-77b8c9d0e1f2,52000,ON_SALE
고소한 영주 고추,농산물 고추에 대한 상세 설명입니다.,067a8b9c-0d1e-4b1b-c0f4-00a1b2c3d4e5,15800,ON_SALE
특품 해남 무,농산물 무에 대한 상세 설명입니다.,390d1e2f-3a4b-4e4e-f3c7-33d4e5f6a7b8,12000,ON_SALE
쫀득한 청도 복숭아,농산물 복숭아에 대한 상세 설명입니다.,d34d5e6f-7a8b-48e8-f7c1-77d8e9f0a1b2,24000,ON_SALE
제주산 엄선 한라봉,신선한 제주 한라봉의 달콤한 풍미가 가득합니다.,d34d5e6f-7a8b-48e8-f7c1-77d8e9f0a1b2,19800,ON_SALE
아삭한 영주 사과,영주에서 자란 아삭한 식감의 사과입니다.,e45e6f7a-8b9c-49f9-a8d2-88e9f0a1b2c3,15700,ON_SALE
고창산 특·상급 쪽파,신선하고 향긋한 고창 쪽파로 요리를 더욱 풍성하게 만들어보세요.,7d4b5c6d-7e8f-4c8c-d7a1-77b8c9d0e1f2,12000,ON_SALE
특별 선별 완도 멍게,신선한 완도 멍게로 깊은 바다의 맛을 느껴보세요.,7d4b5c6d-7e8f-4c8c-d7a1-77b8c9d0e1f2,24900,ON_SALE
밀양에서 자란 쫀득한 고구마,밀양에서 자란 쫀득한 식감의 고구마로 간식으로 제격입니다.,390d1e2f-3a4b-4e4e-f3c7-33d4e5f6a7b8,16500,ON_SALE
쫀득한 완도 전복,신선한 완도산 전복에 대한 상세 설명입니다.,7d4b5c6d-7e8f-4c8c-d7a1-77b8c9d0e1f2,27900,ON_SALE
엄선된 청도 반건시,청도에서 자란 달달한 반건시 감귤에 대한 상세 설명입니다.,d34d5e6f-7a8b-48e8-f7c1-77d8e9f0a1b2,15200,ON_SALE
특·상급 논산 배,논산에서 수확한 특·상급 배에 대한 상세 설명입니다.,e45e6f7a-8b9c-49f9-a8d2-88e9f0a1b2c3,18900,ON_SALE
고당도 영주 사과,영주에서 자란 고당도 사과에 대한 상세 설명입니다.,e45e6f7a-8b9c-49f9-a8d2-88e9f0a1b2c3,12300,ON_SALE
신선한 해남 고추,해남에서 재배된 신선한 고추에 대한 상세 설명입니다.,d34d5e6f-7a8b-48e8-f7c1-77d8e9f0a1b2,7800,ON_SALE
고창 특·상급 사과,신선한 고창 사과에 대한 상세 설명입니다.,e45e6f7a-8b9c-49f9-a8d2-88e9f0a1b2c3,6800,ON_SALE
아삭한 밀양 복숭아,과일류 밀양 복숭아에 대한 상세 설명입니다.,d34d5e6f-7a8b-48e8-f7c1-77d8e9f0a1b2,7800,ON_SALE
달달한 제주 감귤,과일류 제주 감귤에 대한 상세 설명입니다.,d34d5e6f-7a8b-48e8-f7c1-77d8e9f0a1b2,5200,ON_SALE
프리미엄 샤인머스캣,과일류 샤인머스캣에 대한 상세 설명입니다.,d34d5e6f-7a8b-48e8-f7c1-77d8e9f0a1b2,10500,ON_SALE
영주 산지 선별 블루베리,신선한 영주 블루베리에 대한 상세 설명입니다.,7d4b5c6d-7e8f-4c8c-d7a1-77b8c9d0e1f2,9000,ON_SALE
고당도 샤인머스캣 산지 선별,달콤하고 쫀득한 식감의 샤인머스캣입니다.,d34d5e6f-7a8b-48e8-f7c1-77d8e9f0a1b2,24900,ON_SALE
제주산 특·상급 감귤,상큼한 맛이 일품인 제주산 감귤입니다.,d34d5e6f-7a8b-48e8-f7c1-77d8e9f0a1b2,19800,ON_SALE
밀양 아삭한 복숭아,신선함이 가득한 아삭한 식감의 밀양 복숭아입니다.,d34d5e6f-7a8b-48e8-f7c1-77d8e9f0a1b2,24500,ON_SALE
해남 고구마 엄선,달달하고 부드러운 식감의 해남 고구마입니다.,390d1e2f-3a4b-4e4e-f3c7-33d4e5f6a7b8,18500,ON_SALE
청도 참외 햇출하,상큼하고 달콤한 청도 참외로 여름의 맛을 느껴보세요.,d34d5e6f-7a8b-48e8-f7c1-77d8e9f0a1b2,22000,ON_SALE
전남 고창의 달달한 샤인머스캣,신선한 샤인머스캣의 풍미와 달콤함을 그대로 담았습니다.,d34d5e6f-7a8b-48e8-f7c1-77d8e9f0a1b2,15900,ON_SALE
제주 특·상급 한라봉,햇살을 머금은 한라봉으로 상큼한 맛을 즐겨보세요.,d34d5e6f-7a8b-48e8-f7c1-77d8e9f0a1b2,13000,ON_SALE
엄선된 논산의 아삭한 사과,신선하게 선별된 사과로 아삭한 식감을 느껴보세요.,e45e6f7a-8b9c-49f9-a8d2-88e9f0a1b2c3,9800,ON_SALE
달콤한 강원도 캠벨얼리 포도,강원도에서 자란 캠벨얼리 포도로 달콤한 시간을 가져보세요.,d34d5e6f-7a8b-48e8-f7c1-77d8e9f0a1b2,14500,ON_SALE
신선한 태안의 고당도 감귤,햇살 아래 자란 감귤로 진한 풍미를 느껴보세요.,d34d5e6f-7a8b-48e8-f7c1-77d8e9f0a1b2,11500,ON_SALE
특·상급 아삭한 완두콩,신선한 완두콩에 대한 상세 설명입니다.,7d4b5c6d-7e8f-4c8c-d7a1-77b8c9d0e1f2,19800,ON_SALE
고당도 하우스 방울토마토,달콤한 방울토마토에 대한 상세 설명입니다.,7d4b5c6d-7e8f-4c8c-d7a1-77b8c9d0e1f2,25000,ON_SALE
햇출하 청도 시금치,신선한 청도 시금치에 대한 상세 설명입니다.,067a8b9c-0d1e-4b1b-c0f4-00a1b2c3d4e5,21500,ON_SALE
엄선된 고창 쪽파,향긋한 쪽파에 대한 상세 설명입니다.,7d4b5c6d-7e8f-4c8c-d7a1-77b8c9d0e1f2,14500,ON_SALE
쫀득한 논산 미니당근,아삭하고 쫀득한 미니당근에 대한 상세 설명입니다.,390d1e2f-3a4b-4e4e-f3c7-33d4e5f6a7b8,17000,ON_SALE
제주산 고당도 한라봉,"신선한 제주산 한라봉으로, 껍질이 얇고 달콤한 맛이 일품입니다.",d34d5e6f-7a8b-48e8-f7c1-77d8e9f0a1b2,18900,ON_SALE
산지 선별 특·상급 샤인머스캣,"엄선된 샤인머스캣으로, 아삭한 식감과 진한 풍미를 자랑합니다.",d34d5e6f-7a8b-48e8-f7c1-77d8e9f0a1b2,23700,ON_SALE
전남 영광 자연 재배 감귤,"영광 지역에서 자연 재배된 감귤로, 달콤하고 상큼한 맛이 돋보입니다.",d34d5e6f-7a8b-48e8-f7c1-77d8e9f0a1b2,14900,ON_SALE
충북 청주 수확한 캠벨얼리,"청주 지역에서 수확한 캠벨얼리로, 진한 풍미와 상큼함이 조화를 이루는 과일입니다.",7d4b5c6d-7e8f-4c8c-d7a1-77b8c9d0e1f2,15900,ON_SALE
청도 아삭한 유기농 배추,신선한 유기농 배추의 풍부한 맛과 아삭한 식감을 느껴보세요.,e45e6f7a-8b9c-49f9-a8d2-88e9f0a1b2c3,35000,ON_SALE
햇출하 고소한 영주 고구마,"부드럽고 고소한 영주 고구마, 제철의 풍미를 담았습니다.",390d1e2f-3a4b-4e4e-f3c7-33d4e5f6a7b8,28000,ON_SALE
완도 특·상급 미나리,상큼한 향과 아삭한 식감을 자랑하는 완도 미나리를 만나보세요.,067a8b9c-0d1e-4b1b-c0f4-00a1b2c3d4e5,42000,ON_SALE
해남 고당도 유기농 당근,"달달한 맛이 일품인 해남 당근, 엄선된 품질로 제공됩니다.",390d1e2f-3a4b-4e4e-f3c7-33d4e5f6a7b8,31000,ON_SALE
밀양 신선한 쑥갓,신선한 밀양 쑥갓으로 건강한 한 끼를 완성하세요.,067a8b9c-0d1e-4b1b-c0f4-00a1b2c3d4e5,25000,ON_SALE
고창산 아삭한 얼갈이배추,신선한 고창산 얼갈이배추에 대한 상세 설명입니다.,d34d5e6f-7a8b-48e8-f7c1-77d8e9f0a1b2,24500,ON_SALE
특·상급 밀양 시금치,프리미엄 밀양 시금치에 대한 상세 설명입니다.,067a8b9c-0d1e-4b1b-c0f4-00a1b2c3d4e5,21000,ON_SALE
제주 햇출하 청경채,제주에서 자란 신선한 청경채에 대한 상세 설명입니다.,067a8b9c-0d1e-4b1b-c0f4-00a1b2c3d4e5,19800,ON_SALE
쫀득한 성주 대파,성주에서 자란 쫀득한 대파에 대한 상세 설명입니다.,067a8b9c-0d1e-4b1b-c0f4-00a1b2c3d4e5,18000,ON_SALE
엄선된 해남 무,해남에서 자란 엄선된 신선한 무에 대한 상세 설명입니다.,390d1e2f-3a4b-4e4e-f3c7-33d4e5f6a7b8,22000,ON_SALE
고창산 아삭한 청경채,신선한 청경채로 아삭한 식감을 자랑합니다.,067a8b9c-0d1e-4b1b-c0f4-00a1b2c3d4e5,19800,ON_SALE
햇출하 영주 시금치,영주에서 자란 신선한 시금치로 건강한 식사를 제공합니다.,067a8b9c-0d1e-4b1b-c0f4-00a1b2c3d4e5,21500,ON_SALE
엄선된 국내산 브로콜리,특·상급 브로콜리로 비타민이 풍부합니다.,178b9c0d-1e2f-4c2c-d1a5-11b2c3d4e5f6,24900,ON_SALE
제주산 쫀득한 오이,제주에서 자란 신선한 오이로 맛이 뛰어납니다.,7d4b5c6d-7e8f-4c8c-d7a1-77b8c9d0e1f2,17500,ON_SALE
밀양 고구마 특·상급,달달한 맛이 일품인 고구마로 영양 만점입니다.,390d1e2f-3a4b-4e4e-f3c7-33d4e5f6a7b8,22000,ON_SALE
해남 특·상급 무,달큰하고 아삭한 해남산 무로 엄선된 제품입니다.,390d1e2f-3a4b-4e4e-f3c7-33d4e5f6a7b8,4500,ON_SALE
영주 고당도 당근,"달콤하고 아삭한 영주산 당근으로, 건강한 간식으로 좋습니다.",390d1e2f-3a4b-4e4e-f3c7-33d4e5f6a7b8,5200,ON_SALE
밀양 산지 선별 쪽파,신선하고 향긋한 밀양산 쪽파로 엄선된 제품입니다.,7d4b5c6d-7e8f-4c8c-d7a1-77b8c9d0e1f2,3900,ON_SALE
전라남도 해남 쫀득한 고구마,고구마의 풍미와 식감이 일품인 전라남도 해남산입니다.,390d1e2f-3a4b-4e4e-f3c7-33d4e5f6a7b8,25900,ON_SALE
제주도 자연산 전복,신선한 제주도 바다에서 잡은 자연산 전복입니다.,7d4b5c6d-7e8f-4c8c-d7a1-77b8c9d0e1f2,48700,ON_SALE
청도 지역 엄선된 고당도 사과,"청도에서 자란 달콤한 고당도 사과로, 엄선된 품질입니다.",e45e6f7a-8b9c-49f9-a8d2-88e9f0a1b2c3,36500,ON_SALE
밀양산 특·상급 한우,"밀양에서 자란 특·상급 한우로, 풍부한 맛이 돋보입니다.",9f6d7e8f-9a0b-4e0e-f9c3-99d0e1f2a3b4,120000,ON_SALE
완도 청정 바다에서 잡은 생굴,완도 청정 바다에서 잡은 신선한 생굴입니다.,7d4b5c6d-7e8f-4c8c-d7a1-77b8c9d0e1f2,32000,ON_SALE
특급 해남 고구마,달달하고 부드러운 식감의 해남 고구마입니다.,390d1e2f-3a4b-4e4e-f3c7-33d4e5f6a7b8,13500,ON_SALE
엄선된 밀양 상추,"신선하고 아삭한 밀양 상추, 샐러드에 제격입니다.",067a8b9c-0d1e-4b1b-c0f4-00a1b2c3d4e5,9800,ON_SALE
쫀득한 완도 미역,자연에서 자란 쫀득한 식감의 완도 미역입니다.,067a8b9c-0d1e-4b1b-c0f4-00a1b2c3d4e5,6500,ON_SALE
고당도 성주 참외,"달콤하고 신선한 성주 참외, 여름에 즐기기 좋은 과일입니다.",d34d5e6f-7a8b-48e8-f7c1-77d8e9f0a1b2,14500,ON_SALE
햇출하 고당도 홍삼뿌리,신선한 홍삼뿌리에 대한 상세 설명입니다.,5b2f3a4b-5c6d-4a6a-b5e9-55f6a7b8c9d0,38740,ON_SALE
특·상급 한우 꽃등심,프리미엄 한우 꽃등심에 대한 상세 설명입니다.,9f6d7e8f-9a0b-4e0e-f9c3-99d0e1f2a3b4,82750,ON_SALE
아삭한 국내 유기농 당근,유기농 당근에 대한 상세 설명입니다.,390d1e2f-3a4b-4e4e-f3c7-33d4e5f6a7b8,15200,ON_SALE
고창산 신선한 굴비,신선한 굴비에 대한 상세 설명입니다.,7d4b5c6d-7e8f-4c8c-d7a1-77b8c9d0e1f2,29900,ON_SALE
청도 아삭한 무,신선하고 아삭한 식감이 일품인 청도 지역산 무입니다.,390d1e2f-3a4b-4e4e-f3c7-33d4e5f6a7b8,8500,ON_SALE
완도 특·상급 시금치,완도 지역에서 자란 특·상급 시금치로 영양이 풍부합니다.,067a8b9c-0d1e-4b1b-c0f4-00a1b2c3d4e5,9800,ON_SALE
햇출하 신선한 고구마,햇출하로 신선하고 쫀득한 식감의 고구마입니다.,390d1e2f-3a4b-4e4e-f3c7-33d4e5f6a7b8,12000,ON_SALE
밀양 고당도 양파,"밀양 지역에서 재배된 고당도 양파로, 요리에 탁월합니다.",d34d5e6f-7a8b-48e8-f7c1-77d8e9f0a1b2,7200,ON_SALE
산지 선별 청경채,신선하고 아삭한 산지 선별 청경채로 샐러드에 적합합니다.,067a8b9c-0d1e-4b1b-c0f4-00a1b2c3d4e5,6500,ON_SALE
고창산 특·상급 한우,육질이 뛰어난 한우에 대한 상세 설명입니다.,9f6d7e8f-9a0b-4e0e-f9c3-99d0e1f2a3b4,35000,ON_SALE
영주산 쫀득한 생선회,신선한 수산물 생선회에 대한 상세 설명입니다.,7d4b5c6d-7e8f-4c8c-d7a1-77b8c9d0e1f2,22000,ON_SALE
완도산 신선한 전복,바다의 신선함을 담은 전복에 대한 상세 설명입니다.,7d4b5c6d-7e8f-4c8c-d7a1-77b8c9d0e1f2,42000,ON_SALE
횡성산 자연 양념 닭,자연에서 자란 닭에 대한 상세 설명입니다.,9f6d7e8f-9a0b-4e0e-f9c3-99d0e1f2a3b4,19800,ON_SALE
해남 아삭한 생양파,"신선한 해남에서 자란 아삭한 생양파로, 샐러드나 요리에 최적입니다.",067a8b9c-0d1e-4b1b-c0f4-00a1b2c3d4e5,8500,ON_SALE
영주 특·상급 청경채,영주의 좋은 크기 위주로 선별된 특·상급 청경채입니다.,067a8b9c-0d1e-4b1b-c0f4-00a1b2c3d4e5,9900,ON_SALE
완도 고당도 파프리카,"완도에서 재배된 고당도 파프리카로, 달콤한 맛이 특징입니다.",d34d5e6f-7a8b-48e8-f7c1-77d8e9f0a1b2,12900,ON_SALE
밀양 산지 선별 쌈채소,"신선한 밀양의 쌈채소로, 다양한 요리에 활용하기 좋습니다.",067a8b9c-0d1e-4b1b-c0f4-00a1b2c3d4e5,7800,ON_SALE
태안 햇출하 브로콜리,"태안에서 햇출하된 신선한 브로콜리로, 건강한 식단에 필수입니다.",067a8b9c-0d1e-4b1b-c0f4-00a1b2c3d4e5,11500,ON_SALE
햇출하 영주 생표고버섯,신선하고 향긋한 영주산 생표고버섯의 상세 설명입니다.,067a8b9c-0d1e-4b1b-c0f4-00a1b2c3d4e5,15800,ON_SALE
엄선된 제주 갈치,신선한 제주산 갈치의 풍미를 강조한 상세 설명입니다.,7d4b5c6d-7e8f-4c8c-d7a1-77b8c9d0e1f2,25000,ON_SALE
밀양산 쫀득한 고구마,자연의 맛을 그대로 담은 밀양산 고구마의 상세 설명입니다.,390d1e2f-3a4b-4e4e-f3c7-33d4e5f6a7b8,12000,ON_SALE
신선한 태안 생굴,태안에서 갓 잡아온 생굴의 신선함을 강조한 상세 설명입니다.,7d4b5c6d-7e8f-4c8c-d7a1-77b8c9d0e1f2,18000,ON_SALE
제주산 엄선한 고당도 감귤,신선하고 달콤한 제주산 감귤입니다.,d34d5e6f-7a8b-48e8-f7c1-77d8e9f0a1b2,15000,ON_SALE
밀양에서 자란 특·상급 한우,결정체가 적고 부드러운 식감의 밀양 한우입니다.,9f6d7e8f-9a0b-4e0e-f9c3-99d0e1f2a3b4,250000,ON_SALE
완도 해산물 산지 직송 전복,"신선한 완도 해산물로, 쫄깃한 식감이 매력적인 전복입니다.",7d4b5c6d-7e8f-4c8c-d7a1-77b8c9d0e1f2,30000,ON_SALE
해남산 아삭한 무,신선하고 아삭한 식감이 일품인 해남 무입니다.,390d1e2f-3a4b-4e4e-f3c7-33d4e5f6a7b8,8000,ON_SALE
고창산 자연재배 유기농 계란,"자연에서 기른 유기농 계란으로, 신선한 맛이 특징입니다.",8e5c6d7e-8f9a-4d9d-e8b2-88c9d0e1f2a3,12000,ON_SALE
햇출하 한라봉 산지 선별,신선한 한라봉에 대한 상세 설명입니다.,d34d5e6f-7a8b-48e8-f7c1-77d8e9f0a1b2,28900,ON_SALE
아삭한 고추 품질 선별,신선한 고추에 대한 상세 설명입니다.,067a8b9c-0d1e-4b1b-c0f4-00a1b2c3d4e5,15700,ON_SALE
프리미엄 흑염소 고기,자연에서 자란 흑염소에 대한 상세 설명입니다.,9f6d7e8f-9a0b-4e0e-f9c3-99d0e1f2a3b4,45900,ON_SALE
특·상급 전복,자연산 전복에 대한 상세 설명입니다.,7d4b5c6d-7e8f-4c8c-d7a1-77b8c9d0e1f2,64900,ON_SALE
고창 지역 엄선한 무,신선한 무에 대한 상세 설명입니다.,390d1e2f-3a4b-4e4e-f3c7-33d4e5f6a7b8,17800,ON_SALE
제주 해물 모듬,신선한 제주 바다에서 잡은 다양한 해산물입니다.,7d4b5c6d-7e8f-4c8c-d7a1-77b8c9d0e1f2,45200,ON_SALE
엄선된 한우 채끝살,특·상급으로 선별된 품질 좋은 한우 채끝살입니다.,9f6d7e8f-9a0b-4e0e-f9c3-99d0e1f2a3b4,98000,ON_SALE
영주 지역 자생 버섯,신선한 영주 자생 버섯으로 풍미가 가득한 제품입니다.,067a8b9c-0d1e-4b1b-c0f4-00a1b2c3d4e5,22000,ON_SALE
고창 지역 산지 선별 생굴,고창에서 직송된 신선한 생굴로 해산물의 깊은 맛을 즐기세요.,7d4b5c6d-7e8f-4c8c-d7a1-77b8c9d0e1f2,37000,ON_SALE
아삭한 밀양 배추,신선하고 아삭한 식감의 밀양 배추입니다.,e45e6f7a-8b9c-49f9-a8d2-88e9f0a1b2c3,15000,ON_SALE
제주 햇출하 쫀득한 가지,제주에서 자란 쫀득한 식감의 가지입니다.,7d4b5c6d-7e8f-4c8c-d7a1-77b8c9d0e1f2,21900,ON_SALE
산지 선별 특·상급 브로콜리,엄선된 브로콜리로 신선한 맛을 제공합니다.,067a8b9c-0d1e-4b1b-c0f4-00a1b2c3d4e5,17800,ON_SALE
밀양산 고당도 방울토마토,달콤한 맛이 일품인 방울토마토입니다.,7d4b5c6d-7e8f-4c8c-d7a1-77b8c9d0e1f2,19800,ON_SALE
완도산 싱싱한 미역,바다의 맛을 담은 신선한 미역입니다.,067a8b9c-0d1e-4b1b-c0f4-00a1b2c3d4e5,12800,ON_SALE
신선한 쫀득한 당근,채소류 당근에 대한 상세 설명입니다.,390d1e2f-3a4b-4e4e-f3c7-33d4e5f6a7b8,15300,ON_SALE
고창산 엄선된 청경채,채소류 청경채에 대한 상세 설명입니다.,067a8b9c-0d1e-4b1b-c0f4-00a1b2c3d4e5,18600,ON_SALE
햇출하 아삭한 오이,채소류 오이에 대한 상세 설명입니다.,7d4b5c6d-7e8f-4c8c-d7a1-77b8c9d0e1f2,12700,ON_SALE
밀양산 특·상급 무,채소류 무에 대한 상세 설명입니다.,390d1e2f-3a4b-4e4e-f3c7-33d4e5f6a7b8,14200,ON_SALE
제주산 신선한 고구마,채소류 고구마에 대한 상세 설명입니다.,390d1e2f-3a4b-4e4e-f3c7-33d4e5f6a7b8,19900,ON_SALE
특선 영덕 대게,신선한 해산물 영덕 대게에 대한 상세 설명입니다.,7d4b5c6d-7e8f-4c8c-d7a1-77b8c9d0e1f2,150000,ON_SALE
엄선한 완도 전복,쫄깃한 식감의 신선한 전복에 대한 상세 설명입니다.,7d4b5c6d-7e8f-4c8c-d7a1-77b8c9d0e1f2,120000,ON_SALE
고당도 한라봉,달콤한 맛이 일품인 신선한 한라봉에 대한 상세 설명입니다.,d34d5e6f-7a8b-48e8-f7c1-77d8e9f0a1b2,32000,ON_SALE
산지 직송 신선한 굴,바다의 맛을 그대로 담은 신선한 굴에 대한 상세 설명입니다.,7d4b5c6d-7e8f-4c8c-d7a1-77b8c9d0e1f2,45000,ON_SALE
제주 흑돼지,풍미가 뛰어난 제주산 흑돼지에 대한 상세 설명입니다.,9f6d7e8f-9a0b-4e0e-f9c3-99d0e1f2a3b4,80000,ON_SALE
햇출하 달달한 샤인머스캣,신선하고 자연 그대로의 맛을 자랑하는 샤인머스캣입니다.,d34d5e6f-7a8b-48e8-f7c1-77d8e9f0a1b2,28900,ON_SALE
프리미엄 고창 복숭아,고창에서 자란 부드럽고 향긋한 복숭아입니다.,d34d5e6f-7a8b-48e8-f7c1-77d8e9f0a1b2,19800,ON_SALE
산지 선별 아삭한 청포도,신선하게 선별된 청포도로 아삭한 식감을 제공합니다.,d34d5e6f-7a8b-48e8-f7c1-77d8e9f0a1b2,23200,ON_SALE
특·상급 제주 감귤,제주에서 자란 특·상급 감귤로 상큼한 맛을 느껴보세요.,d34d5e6f-7a8b-48e8-f7c1-77d8e9f0a1b2,15800,ON_SALE
달달한 밀양 사과,밀양에서 자란 달콤한 사과로 풍부한 맛을 자랑합니다.,e45e6f7a-8b9c-49f9-a8d2-88e9f0a1b2c3,21000,ON_SALE
청도 아삭한 생강,신선한 청도에서 자란 아삭한 식감의 생강입니다.,390d1e2f-3a4b-4e4e-f3c7-33d4e5f6a7b8,12000,ON_SALE
제주 햇출하 쫀득한 고구마,햇출하로 신선한 제주산 쫀득한 고구마입니다.,390d1e2f-3a4b-4e4e-f3c7-33d4e5f6a7b8,8500,ON_SALE
해남 특·상급 양파,엄선된 해남산 특·상급 양파로 풍미가 뛰어납니다.,067a8b9c-0d1e-4b1b-c0f4-00a1b2c3d4e5,15000,ON_SALE
밀양 고당도 토마토,달달한 맛이 일품인 밀양산 고당도 토마토입니다.,7d4b5c6d-7e8f-4c8c-d7a1-77b8c9d0e1f2,10500,ON_SALE
횡성 산지 선별 배추,신선한 횡성에서 산지 선별된 배추로 아삭한 식감이 매력적입니다.,e45e6f7a-8b9c-49f9-a8d2-88e9f0a1b2c3,13000,ON_SALE
고창산 엄선한 아삭한 청경채,신선한 청경채에 대한 상세 설명입니다.,067a8b9c-0d1e-4b1b-c0f4-00a1b2c3d4e5,7890,ON_SALE
제주 햇출하 특·상급 쪽파,특별한 품질의 쪽파에 대한 상세 설명입니다.,7d4b5c6d-7e8f-4c8c-d7a1-77b8c9d0e1f2,10500,ON_SALE
밀양산 달달한 방울토마토,달콤한 방울토마토에 대한 상세 설명입니다.,7d4b5c6d-7e8f-4c8c-d7a1-77b8c9d0e1f2,9500,ON_SALE
완도산 고품질 무,신선한 무에 대한 상세 설명입니다.,390d1e2f-3a4b-4e4e-f3c7-33d4e5f6a7b8,6200,ON_SALE
성주산 특·상급 시금치,신선한 시금치에 대한 상세 설명입니다.,067a8b9c-0d1e-4b1b-c0f4-00a1b2c3d4e5,7800,ON_SALE
제주 고당도 한라봉,"제주에서 자란 달콤한 한라봉으로, 신선한 맛이 일품입니다.",d34d5e6f-7a8b-48e8-f7c1-77d8e9f0a1b2,21500,ON_SALE
밀양 아삭한 사과,"밀양에서 엄선한 아삭한 사과로, 신선함이 가득합니다.",e45e6f7a-8b9c-49f9-a8d2-88e9f0a1b2c3,13000,ON_SALE
논산 특별한 캠벨얼리 포도,"논산에서 자란 캠벨얼리 포도로, 진한 풍미와 쫀득한 식감을 자랑합니다.",d34d5e6f-7a8b-48e8-f7c1-77d8e9f0a1b2,17500,ON_SALE
고창 산지 선별 복숭아,"고창에서 선별한 복숭아로, 과즙이 풍부하고 달콤합니다.",d34d5e6f-7a8b-48e8-f7c1-77d8e9f0a1b2,19000,ON_SALE
태안 햇출하 블루베리,"태안에서 신선하게 수확한 블루베리로, 건강한 맛이 가득합니다.",7d4b5c6d-7e8f-4c8c-d7a1-77b8c9d0e1f2,22000,ON_SALE
완도산 아삭한 청경채,"신선하고 아삭한 식감의 청경채로, 다양한 요리에 활용하기 좋습니다.",067a8b9c-0d1e-4b1b-c0f4-00a1b2c3d4e5,19800,ON_SALE
햇출하 고소한 미니 당근,"노지에서 자란 미니 당근으로, 달콤하고 고소한 맛이 일품입니다.",390d1e2f-3a4b-4e4e-f3c7-33d4e5f6a7b8,15600,ON_SALE
고창산 부드러운 시금치,"고창에서 자란 시금치로, 부드러운 식감과 진한 풍미를 자랑합니다.",067a8b9c-0d1e-4b1b-c0f4-00a1b2c3d4e5,17200,ON_SALE
산지 선별 쫀득한 고구마,"신선하게 선별된 고구마로, 쫀득한 식감과 달콤함이 매력입니다.",390d1e2f-3a4b-4e4e-f3c7-33d4e5f6a7b8,24000,ON_SALE
제주산 아삭한 청경채,신선한 제주산 청경채의 아삭한 식감과 풍부한 영양을 담았습니다.,067a8b9c-0d1e-4b1b-c0f4-00a1b2c3d4e5,15000,ON_SALE
햇출하 고당도 홍콩배추,"제철에 수확한 고당도의 홍콩배추로, 샐러드나 볶음 요리에 적합합니다.",d34d5e6f-7a8b-48e8-f7c1-77d8e9f0a1b2,18000,ON_SALE
특·상급 영주 시금치,"영주 지역에서 자란 특·상급 시금치로, 신선하고 영양이 풍부합니다.",067a8b9c-0d1e-4b1b-c0f4-00a1b2c3d4e5,12000,ON_SALE
밀양 자생 고추,"밀양에서 자생한 매운맛의 고추로, 요리에 깊은 풍미를 더해줍니다.",067a8b9c-0d1e-4b1b-c0f4-00a1b2c3d4e5,9500,ON_SALE
쫀득한 횡성 감자,"횡성에서 재배된 쫀득한 감자로, 다양한 요리에 활용하기 좋습니다.",390d1e2f-3a4b-4e4e-f3c7-33d4e5f6a7b8,14000,ON_SALE
고창산 엄선된 아삭한 배추,신선한 고창산 배추에 대한 상세 설명입니다.,e45e6f7a-8b9c-49f9-a8d2-88e9f0a1b2c3,38900,ON_SALE
완도산 특·상급 굴,신선한 완도산 굴에 대한 상세 설명입니다.,7d4b5c6d-7e8f-4c8c-d7a1-77b8c9d0e1f2,52000,ON_SALE
제주산 고당도 감귤,달콤한 제주산 감귤에 대한 상세 설명입니다.,d34d5e6f-7a8b-48e8-f7c1-77d8e9f0a1b2,45000,ON_SALE
영주산 특선 느타리버섯,신선한 영주산 느타리버섯에 대한 상세 설명입니다.,067a8b9c-0d1e-4b1b-c0f4-00a1b2c3d4e5,41000,ON_SALE
제주 산지 선별 특·상급 당근,"제주에서 자란 당근, 엄선된 품질로 달콤한 맛을 자랑합니다.",390d1e2f-3a4b-4e4e-f3c7-33d4e5f6a7b8,19800,ON_SALE
밀양 고구마 고당도,"밀양의 햇고구마, 자연에서 자란 달달한 맛이 일품입니다.",390d1e2f-3a4b-4e4e-f3c7-33d4e5f6a7b8,23800,ON_SALE
완도 신선한 미나리,"완도에서 자란 신선한 미나리, 향긋한 맛이 요리의 풍미를 더해줍니다.",067a8b9c-0d1e-4b1b-c0f4-00a1b2c3d4e5,17800,ON_SALE
횡성 특·상급 배추,"횡성에서 자란 품질 좋은 배추, 아삭한 식감과 풍부한 맛이 매력적입니다.",e45e6f7a-8b9c-49f9-a8d2-88e9f0a1b2c3,16800,ON_SALE
제주산 엄선한 고당도 한라봉,과즙이 풍부하고 달콤한 한라봉에 대한 상세 설명입니다.,d34d5e6f-7a8b-48e8-f7c1-77d8e9f0a1b2,25000,ON_SALE
밀양에서 자란 아삭한 복숭아,신선하고 crunchy한 복숭아에 대한 상세 설명입니다.,d34d5e6f-7a8b-48e8-f7c1-77d8e9f0a1b2,18000,ON_SALE
특·상급 캠벨얼리 포도,풍부한 향과 맛을 자랑하는 캠벨얼리 포도에 대한 상세 설명입니다.,d34d5e6f-7a8b-48e8-f7c1-77d8e9f0a1b2,22000,ON_SALE
고창산 달달한 수박,신선하고 시원한 맛이 일품인 수박에 대한 상세 설명입니다.,d34d5e6f-7a8b-48e8-f7c1-77d8e9f0a1b2,30000,ON_SALE
해남에서 온 쫀득한 감귤,상큼하고 쫀득한 감귤에 대한 상세 설명입니다.,d34d5e6f-7a8b-48e8-f7c1-77d8e9f0a1b2,15000,ON_SALE
햇출하 아삭한 청도 대파,고소한 맛이 일품인 청도 대파입니다.,067a8b9c-0d1e-4b1b-c0f4-00a1b2c3d4e5,15800,ON_SALE
특·상급 고창 배추,신선한 고창 배추로 만든 샤브샤브의 완벽한 재료입니다.,e45e6f7a-8b9c-49f9-a8d2-88e9f0a1b2c3,21000,ON_SALE
엄선된 제주 통마늘,제주에서 자란 풍미 가득한 통마늘입니다.,7d4b5c6d-7e8f-4c8c-d7a1-77b8c9d0e1f2,12000,ON_SALE
쫀득한 완도 돌미역,바다의 영양을 가득 담은 신선한 돌미역입니다.,067a8b9c-0d1e-4b1b-c0f4-00a1b2c3d4e5,18000,ON_SALE
달콤한 성주 고구마,성주에서 자란 달콤하고 부드러운 고구마입니다.,390d1e2f-3a4b-4e4e-f3c7-33d4e5f6a7b8,23000,ON_SALE
엄선한 고당도 천혜향,신선한 천혜향의 달콤함을 그대로 담은 품질 좋은 과일입니다.,d34d5e6f-7a8b-48e8-f7c1-77d8e9f0a1b2,25000,ON_SALE
제주산 아삭한 한라봉,"제주에서 자란 아삭한 식감의 한라봉으로, 달콤한 맛이 일품입니다.",d34d5e6f-7a8b-48e8-f7c1-77d8e9f0a1b2,27000,ON_SALE
고창산 특·상급 샤인머스캣,"고창에서 선별한 특·상급 샤인머스캣, 풍부한 맛과 향이 매력적입니다.",d34d5e6f-7a8b-48e8-f7c1-77d8e9f0a1b2,32000,ON_SALE
햇출하 달달한 레드향,"햇출하로 만난 레드향, 진한 풍미가 가득한 과일입니다.",d34d5e6f-7a8b-48e8-f7c1-77d8e9f0a1b2,30000,ON_SALE
밀양산 쫀득한 복숭아,"밀양에서 자란 쫀득한 식감의 복숭아로, 여름의 맛을 느껴보세요.",d34d5e6f-7a8b-48e8-f7c1-77d8e9f0a1b2,22000,ON_SALE
제주산 엄선한 아삭한 청경채,신선한 제주에서 자란 청경채의 상세 설명입니다.,067a8b9c-0d1e-4b1b-c0f4-00a1b2c3d4e5,32500,ON_SALE
고창산 특·상급 무,신선한 고창에서 자란 특·상급 무에 대한 상세 설명입니다.,390d1e2f-3a4b-4e4e-f3c7-33d4e5f6a7b8,14500,ON_SALE
영주산 쫀득한 고구마,영주에서 자란 쫀득한 식감의 고구마에 대한 상세 설명입니다.,390d1e2f-3a4b-4e4e-f3c7-33d4e5f6a7b8,18200,ON_SALE
햇출하 전남산 아삭한 오이,신선한 햇출하 전남에서 자란 아삭한 오이에 대한 상세 설명입니다.,7d4b5c6d-7e8f-4c8c-d7a1-77b8c9d0e1f2,9800,ON_SALE
밀양산 산지 선별 쌈채소,밀양에서 선별된 신선한 쌈채소의 상세 설명입니다.,067a8b9c-0d1e-4b1b-c0f4-00a1b2c3d4e5,22000,ON_SALE
제주산 엄선한 쫀득한 해조류,신선한 제주 해조류의 깊은 풍미와 쫀득한 식감을 느껴보세요.,7d4b5c6d-7e8f-4c8c-d7a1-77b8c9d0e1f2,12000,ON_SALE
해남 특·상급 생멸치,"신선한 해남 생멸치, 풍부한 맛과 품질이 돋보입니다.",7d4b5c6d-7e8f-4c8c-d7a1-77b8c9d0e1f2,8500,ON_SALE
아삭한 밀양 청양고추,밀양에서 자생한 아삭한 청양고추로 요리에 활력을 더하세요.,067a8b9c-0d1e-4b1b-c0f4-00a1b2c3d4e5,5000,ON_SALE
진한 풍미의 전남산 황태,전남산 황태의 진한 풍미로 다양한 요리를 즐겨보세요.,7d4b5c6d-7e8f-4c8c-d7a1-77b8c9d0e1f2,15000,ON_SALE
특별한 맛의 동해안 바지락,신선한 동해안 바지락으로 맛있는 해산물 요리를 만끽하세요.,7d4b5c6d-7e8f-4c8c-d7a1-77b8c9d0e1f2,11000,ON_SALE
아삭한 청도 대추,과일류 대추에 대한 상세 설명입니다.,7d4b5c6d-7e8f-4c8c-d7a1-77b8c9d0e1f2,15000,ON_SALE
엄선된 영주 표고버섯,버섯류 표고버섯에 대한 상세 설명입니다.,067a8b9c-0d1e-4b1b-c0f4-00a1b2c3d4e5,12000,ON_SALE
제주산 특·상급 흑돼지,제주산 흑돼지의 깊은 풍미와 부드러운 식감을 자랑합니다.,9f6d7e8f-9a0b-4e0e-f9c3-99d0e1f2a3b4,58700,ON_SALE
신안산 엄선한 자연산 바지락,신안에서 직접 채취한 자연산 바지락으로 신선도와 맛이 뛰어납니다.,7d4b5c6d-7e8f-4c8c-d7a1-77b8c9d0e1f2,17500,ON_SALE
고창산 산지 선별 아삭한 생강,고창에서 자란 신선한 생강으로 아삭한 식감과 강한 향을 가지고 있습니다.,390d1e2f-3a4b-4e4e-f3c7-33d4e5f6a7b8,12800,ON_SALE
완도산 쫀득한 자연산 전복,완도에서 직송된 신선한 전복으로 쫀득한 식감이 매력적입니다.,7d4b5c6d-7e8f-4c8c-d7a1-77b8c9d0e1f2,98000,ON_SALE
밀양산 고당도 한라봉,밀양에서 자란 달콤한 한라봉으로 특별한 맛을 제공합니다.,d34d5e6f-7a8b-48e8-f7c1-77d8e9f0a1b2,30000,ON_SALE
밀양 엄선 레드향,"풍부한 단맛과 향이 가득한 밀양산 레드향으로, 산지에서 직접 선별하였습니다.",d34d5e6f-7a8b-48e8-f7c1-77d8e9f0a1b2,9500,ON_SALE
달콤한 샤인머스캣,"아삭한 식감과 진한 풍미가 특징인 샤인머스캣으로, 신선한 출하로 제공됩니다.",d34d5e6f-7a8b-48e8-f7c1-77d8e9f0a1b2,19800,ON_SALE
영주 특·상급 사과,"아삭한 식감과 상큼한 맛이 매력적인 영주산 사과로, 좋은 크기 위주로 선별하였습니다.",e45e6f7a-8b9c-49f9-a8d2-88e9f0a1b2c3,6800,ON_SALE
전주 햇출하 유자,"상큼하고 향긋한 전주산 유자로, 햇출하로 신선함이 가득합니다.",d34d5e6f-7a8b-48e8-f7c1-77d8e9f0a1b2,7500,ON_SALE
제주 해산물 특·상급 키조개,제주 바다에서 직접 잡아 신선함을 담은 키조개입니다.,7d4b5c6d-7e8f-4c8c-d7a1-77b8c9d0e1f2,12000,ON_SALE
특·상급 영주 배,영주에서 자란 달콤한 풍미의 배입니다.,e45e6f7a-8b9c-49f9-a8d2-88e9f0a1b2c3,8500,ON_SALE
해남산 엄선된 흑미,해남에서 선별한 고품질 흑미로 건강한 식사를 제공합니다.,4a1e2f3a-4b5c-4f5f-a4d8-44e5f6a7b8c9,10500,ON_SALE
청도 고당도 사과,"청도 지역에서 재배된 고당도 사과로, 아삭한 식감과 달콤한 맛이 특징입니다.",e45e6f7a-8b9c-49f9-a8d2-88e9f0a1b2c3,19800,ON_SALE
완도 신선한 생굴,"완도에서 갓 잡아올린 신선한 생굴로, 바다의 깊은 풍미를 느낄 수 있습니다.",7d4b5c6d-7e8f-4c8c-d7a1-77b8c9d0e1f2,34500,ON_SALE
밀양 쫀득한 한우,"엄선된 밀양 지역의 한우로, 쫀득한 식감과 깊은 풍미를 자랑합니다.",9f6d7e8f-9a0b-4e0e-f9c3-99d0e1f2a3b4,85000,ON_SALE
해남 특·상급 고구마,"해남에서 자란 특·상급 고구마로, 달달하고 부드러운 식감이 매력입니다.",390d1e2f-3a4b-4e4e-f3c7-33d4e5f6a7b8,12000,ON_SALE
제주 자연산 전복,"제주 바다에서 자연스럽게 자란 전복으로, 신선하고 풍부한 맛이 특징입니다.",7d4b5c6d-7e8f-4c8c-d7a1-77b8c9d0e1f2,56000,ON_SALE
달달한 고창 사과 엄선,사과의 고향 고창에서 자란 달달하고 아삭한 품질의 사과입니다.,e45e6f7a-8b9c-49f9-a8d2-88e9f0a1b2c3,15900,ON_SALE
제주 햇귤 특·상급,"신선한 제주산 귤로, 특·상급 품질을 자랑합니다.",d34d5e6f-7a8b-48e8-f7c1-77d8e9f0a1b2,21000,ON_SALE
엄선된 밀양 복숭아,밀양의 햇빛을 받아 자란 고품질 복숭아입니다.,d34d5e6f-7a8b-48e8-f7c1-77d8e9f0a1b2,22000,ON_SALE
아삭한 논산 수박,논산에서 자란 아삭하고 시원한 수박입니다.,d34d5e6f-7a8b-48e8-f7c1-77d8e9f0a1b2,18000,ON_SALE
특·상급 영주 사과,사과의 깊은 풍미와 아삭한 식감이 매력적인 영주산 사과입니다.,e45e6f7a-8b9c-49f9-a8d2-88e9f0a1b2c3,15000,ON_SALE
제주 햇출하 고당도 감귤,"신선한 제주 감귤, 달콤함이 가득한 햇출하 상품입니다.",d34d5e6f-7a8b-48e8-f7c1-77d8e9f0a1b2,12000,ON_SALE
밀양 엄선 자두,달달하고 쫀득한 식감이 특징인 밀양산 자두입니다.,7d4b5c6d-7e8f-4c8c-d7a1-77b8c9d0e1f2,18000,ON_SALE
쫀득한 천혜향,상큼하고 달콤한 풍미를 자랑하는 고품질 천혜향입니다.,d34d5e6f-7a8b-48e8-f7c1-77d8e9f0a1b2,22000,ON_SALE
완도 바다에서 자란 특·상급 전복,"싱싱한 전복, 바다의 깊은 맛을 느낄 수 있는 완도산입니다.",7d4b5c6d-7e8f-4c8c-d7a1-77b8c9d0e1f2,35000,ON_SALE
특·상급 아삭한 청도 오이,신선한 청도에서 자란 아삭한 식감의 오이입니다.,7d4b5c6d-7e8f-4c8c-d7a1-77b8c9d0e1f2,19800,ON_SALE
햇출하로 고당도 해남 고구마,햇볕을 머금고 자란 달콤한 해남 고구마입니다.,390d1e2f-3a4b-4e4e-f3c7-33d4e5f6a7b8,23500,ON_SALE
엄선된 영주 시금치,영주 지역에서 특별히 선별한 신선한 시금치입니다.,067a8b9c-0d1e-4b1b-c0f4-00a1b2c3d4e5,14500,ON_SALE
쫀득한 밀양 고추,밀양에서 자생한 쫀득한 식감과 풍미의 고추입니다.,067a8b9c-0d1e-4b1b-c0f4-00a1b2c3d4e5,22000,ON_SALE
달달한 제주 애호박,제주에서 자란 달콤한 맛의 애호박입니다.,7d4b5c6d-7e8f-4c8c-d7a1-77b8c9d0e1f2,17500,ON_SALE
산지 선별 특·상급 고추,"매운맛이 뛰어난 특급 고추로, 요리에 풍미를 더해줍니다.",067a8b9c-0d1e-4b1b-c0f4-00a1b2c3d4e5,8500,ON_SALE
햇출하 달달한 방울토마토,"달콤한 맛이 일품인 방울토마토로, 신선함이 가득합니다.",7d4b5c6d-7e8f-4c8c-d7a1-77b8c9d0e1f2,12500,ON_SALE
고창산 엄선된 쑥갓,"고창에서 자란 쑥갓으로, 신선한 향과 식감을 제공합니다.",067a8b9c-0d1e-4b1b-c0f4-00a1b2c3d4e5,7200,ON_SALE
밀양산 쫀득한 무,"밀양에서 자란 쫀득한 식감의 무로, 다양한 요리에 적합합니다.",390d1e2f-3a4b-4e4e-f3c7-33d4e5f6a7b8,6300,ON_SALE
쫀득한 밀양 한우,축산물 밀양 한우에 대한 상세 설명입니다.,9f6d7e8f-9a0b-4e0e-f9c3-99d0e1f2a3b4,150000,ON_SALE
햇출하 해남 고구마,농산물 해남 고구마에 대한 상세 설명입니다.,390d1e2f-3a4b-4e4e-f3c7-33d4e5f6a7b8,28000,ON_SALE
특·상급 순천 쭈꾸미,수산물 순천 쭈꾸미에 대한 상세 설명입니다.,7d4b5c6d-7e8f-4c8c-d7a1-77b8c9d0e1f2,20000,ON_SALE
고당도 제주 감귤,농산물 제주 감귤에 대한 상세 설명입니다.,d34d5e6f-7a8b-48e8-f7c1-77d8e9f0a1b2,32000,ON_SALE
엄선된 청도 대추,농산물 청도 대추에 대한 상세 설명입니다.,7d4b5c6d-7e8f-4c8c-d7a1-77b8c9d0e1f2,45000,ON_SALE
고창산 아삭한 사과,사과의 아삭한 식감과 풍부한 맛을 가진 고창산 사과에 대한 상세 설명입니다.,e45e6f7a-8b9c-49f9-a8d2-88e9f0a1b2c3,14900,ON_SALE
고당도 샤인머스캣,달콤하고 향긋한 고당도 샤인머스캣에 대한 상세 설명입니다.,d34d5e6f-7a8b-48e8-f7c1-77d8e9f0a1b2,25000,ON_SALE
영주산 엄선된 복숭아,부드럽고 달콤한 맛이 일품인 영주산 복숭아에 대한 상세 설명입니다.,d34d5e6f-7a8b-48e8-f7c1-77d8e9f0a1b2,17900,ON_SALE
순천 햇출하 대추,"신선한 순천산 대추, 자연의 달콤함이 가득합니다.",7d4b5c6d-7e8f-4c8c-d7a1-77b8c9d0e1f2,22000,ON_SALE
아삭한 고창 청경채 엄선,신선한 청경채에 대한 상세 설명입니다.,067a8b9c-0d1e-4b1b-c0f4-00a1b2c3d4e5,28900,ON_SALE
특·상급 밀양 쪽파,맛있는 쪽파에 대한 상세 설명입니다.,7d4b5c6d-7e8f-4c8c-d7a1-77b8c9d0e1f2,22000,ON_SALE
달달한 제주 감자,제주산으로 품질 좋은 감자에 대한 상세 설명입니다.,390d1e2f-3a4b-4e4e-f3c7-33d4e5f6a7b8,36800,ON_SALE
햇출하로 신선한 성주 오이,신선한 오이에 대한 상세 설명입니다.,7d4b5c6d-7e8f-4c8c-d7a1-77b8c9d0e1f2,19500,ON_SALE
쫀득한 태안 미나리,신선한 미나리에 대한 상세 설명입니다.,067a8b9c-0d1e-4b1b-c0f4-00a1b2c3d4e5,25000,ON_SALE
햇 출하 아삭한 고추,신선한 고추에 대한 상세 설명입니다.,067a8b9c-0d1e-4b1b-c0f4-00a1b2c3d4e5,12000,ON_SALE
고창산 특·상급 시금치,신선한 시금치에 대한 상세 설명입니다.,067a8b9c-0d1e-4b1b-c0f4-00a1b2c3d4e5,8000,ON_SALE
진한 풍미의 제주 감자,제주 감자에 대한 상세 설명입니다.,390d1e2f-3a4b-4e4e-f3c7-33d4e5f6a7b8,15000,ON_SALE
쫀득한 맛의 밀양 고구마,밀양 고구마에 대한 상세 설명입니다.,390d1e2f-3a4b-4e4e-f3c7-33d4e5f6a7b8,18000,ON_SALE
산지 선별 청도 대파,신선한 대파에 대한 상세 설명입니다.,067a8b9c-0d1e-4b1b-c0f4-00a1b2c3d4e5,6000,ON_SALE
특·상급 샤인머스캣,엄선된 품질의 샤인머스캣으로 풍부한 단맛을 제공합니다.,d34d5e6f-7a8b-48e8-f7c1-77d8e9f0a1b2,25000,ON_SALE
달달한 레드향 감귤,레드향의 뛰어난 단맛과 향을 경험해보세요.,d34d5e6f-7a8b-48e8-f7c1-77d8e9f0a1b2,22000,ON_SALE
해남 고당도 망고,신선한 해남 고당도 망고에 대한 상세 설명입니다.,7d4b5c6d-7e8f-4c8c-d7a1-77b8c9d0e1f2,25900,ON_SALE
아삭한 샤인머스캣,아삭한 식감이 매력적인 샤인머스캣에 대한 상세 설명입니다.,d34d5e6f-7a8b-48e8-f7c1-77d8e9f0a1b2,38700,ON_SALE
제주 설향딸기 특·상급,제주에서 자란 특·상급 설향딸기에 대한 상세 설명입니다.,7d4b5c6d-7e8f-4c8c-d7a1-77b8c9d0e1f2,31000,ON_SALE
완도 천혜향,완도의 천혜향에 대한 상세 설명입니다.,d34d5e6f-7a8b-48e8-f7c1-77d8e9f0a1b2,22000,ON_SALE
고창 사과 엄선,고창에서 엄선한 사과에 대한 상세 설명입니다.,e45e6f7a-8b9c-49f9-a8d2-88e9f0a1b2c3,15000,ON_SALE
아삭한 고창 사과,신선한 고창에서 자란 아삭한 식감의 사과입니다.,e45e6f7a-8b9c-49f9-a8d2-88e9f0a1b2c3,12500,ON_SALE
프리미엄 제주 감귤,제주에서 자란 달콤한 맛의 프리미엄 감귤입니다.,d34d5e6f-7a8b-48e8-f7c1-77d8e9f0a1b2,9800,ON_SALE
산지 선별 달달한 씨없는 수박,"산지에서 엄선된 씨없는 수박으로, 달콤한 과즙을 자랑합니다.",d34d5e6f-7a8b-48e8-f7c1-77d8e9f0a1b2,15000,ON_SALE
햇출하 청도 복숭아,"햇출하로 신선한 청도 복숭아, 달콤하고 부드러운 맛이 특징입니다.",d34d5e6f-7a8b-48e8-f7c1-77d8e9f0a1b2,13000,ON_SALE
엄선된 고당도 샤인머스캣,신선한 샤인머스캣에 대한 상세 설명입니다.,d34d5e6f-7a8b-48e8-f7c1-77d8e9f0a1b2,18000,ON_SALE
특·상급 밀양 사과,부드러운 식감의 밀양 사과에 대한 상세 설명입니다.,e45e6f7a-8b9c-49f9-a8d2-88e9f0a1b2c3,12000,ON_SALE
햇출하 제주 감귤,상큼한 제주 감귤에 대한 상세 설명입니다.,d34d5e6f-7a8b-48e8-f7c1-77d8e9f0a1b2,16000,ON_SALE
청도 지역 선별된 달달한 복숭아,신선한 복숭아에 대한 상세 설명입니다.,d34d5e6f-7a8b-48e8-f7c1-77d8e9f0a1b2,20000,ON_SALE
완도에서 자란 신선한 감귤,상큼한 맛과 아삭한 식감이 일품인 완도 감귤입니다.,d34d5e6f-7a8b-48e8-f7c1-77d8e9f0a1b2,39500,ON_SALE
프리미엄 천혜향,특·상급 품질의 천혜향으로 진한 향과 달콤함을 느껴보세요.,d34d5e6f-7a8b-48e8-f7c1-77d8e9f0a1b2,51000,ON_SALE
햇출하 밀양 복숭아,부드러운 식감과 달콤함이 매력적인 밀양 복숭아입니다.,d34d5e6f-7a8b-48e8-f7c1-77d8e9f0a1b2,43000,ON_SALE
고창 특·상급 아삭한 배추,신선한 고창 배추에 대한 상세 설명입니다.,e45e6f7a-8b9c-49f9-a8d2-88e9f0a1b2c3,25800,ON_SALE
제주 햇출하 쫀득한 감자,제주에서 자란 신선한 감자에 대한 상세 설명입니다.,390d1e2f-3a4b-4e4e-f3c7-33d4e5f6a7b8,18600,ON_SALE
밀양 고당도 유기농 당근,밀양에서 재배된 유기농 당근에 대한 상세 설명입니다.,390d1e2f-3a4b-4e4e-f3c7-33d4e5f6a7b8,22000,ON_SALE
논산 산지 선별 아삭한 오이,논산에서 엄선한 신선한 오이에 대한 상세 설명입니다.,7d4b5c6d-7e8f-4c8c-d7a1-77b8c9d0e1f2,17200,ON_SALE
횡성 진한 풍미의 유기농 시금치,횡성에서 재배된 유기농 시금치에 대한 상세 설명입니다.,d34d5e6f-7a8b-48e8-f7c1-77d8e9f0a1b2,19800,ON_SALE
특·상급 태안 방울토마토,달콤한 방울토마토에 대한 상세 설명입니다.,7d4b5c6d-7e8f-4c8c-d7a1-77b8c9d0e1f2,12900,ON_SALE
밀양 재배 쫀득한 고구마,식감이 좋은 고구마에 대한 상세 설명입니다.,390d1e2f-3a4b-4e4e-f3c7-33d4e5f6a7b8,11500,ON_SALE
제주 햇출하 신선한 쌈채소,다양한 쌈채소에 대한 상세 설명입니다.,067a8b9c-0d1e-4b1b-c0f4-00a1b2c3d4e5,19800,ON_SALE
엄선된 성주 상추,신선하고 아삭한 상추에 대한 상세 설명입니다.,067a8b9c-0d1e-4b1b-c0f4-00a1b2c3d4e5,17500,ON_SALE
영주산 달달한 청포도,"영주에서 자란 달달한 청포도, 햇출하로 더욱 신선합니다.",d34d5e6f-7a8b-48e8-f7c1-77d8e9f0a1b2,21900,ON_SALE
완도산 쫀득한 감귤,"완도에서 자란 쫀득한 감귤, 좋은 크기 위주로 엄선하였습니다.",d34d5e6f-7a8b-48e8-f7c1-77d8e9f0a1b2,13900,ON_SALE
밀양산 특·상급 자두,"밀양에서 수확한 특·상급 자두, 진한 풍미를 자랑합니다.",7d4b5c6d-7e8f-4c8c-d7a1-77b8c9d0e1f2,19900,ON_SALE
프리미엄 샤인머스캣 엄선,과일류 샤인머스캣에 대한 상세 설명입니다.,d34d5e6f-7a8b-48e8-f7c1-77d8e9f0a1b2,18900,ON_SALE
달달한 제주 감귤 산지 선별,과일류 감귤에 대한 상세 설명입니다.,d34d5e6f-7a8b-48e8-f7c1-77d8e9f0a1b2,15900,ON_SALE
고당도 캠벨얼리 포도,과일류 포도에 대한 상세 설명입니다.,d34d5e6f-7a8b-48e8-f7c1-77d8e9f0a1b2,21000,ON_SALE
아삭한 영주 사과 특·상급,과일류 사과에 대한 상세 설명입니다.,e45e6f7a-8b9c-49f9-a8d2-88e9f0a1b2c3,17500,ON_SALE
햇출하 보성 복숭아 쫀득한 식감,과일류 복숭아에 대한 상세 설명입니다.,d34d5e6f-7a8b-48e8-f7c1-77d8e9f0a1b2,19500,ON_SALE
고창산 엄선 아삭한 청경채,신선한 청경채에 대한 상세 설명입니다.,067a8b9c-0d1e-4b1b-c0f4-00a1b2c3d4e5,4500,ON_SALE
제주특산 고당도 당근,달콤한 맛이 일품인 제주산 당근에 대한 상세 설명입니다.,390d1e2f-3a4b-4e4e-f3c7-33d4e5f6a7b8,6200,ON_SALE
특·상급 수원 배추,아삭한 식감의 배추에 대한 상세 설명입니다.,e45e6f7a-8b9c-49f9-a8d2-88e9f0a1b2c3,3700,ON_SALE
밀양산 유기농 시금치,신선하고 건강한 시금치에 대한 상세 설명입니다.,067a8b9c-0d1e-4b1b-c0f4-00a1b2c3d4e5,5300,ON_SALE
햇출하 청도 미나리,향긋한 미나리의 상세 설명입니다.,067a8b9c-0d1e-4b1b-c0f4-00a1b2c3d4e5,4800,ON_SALE
해남산 엄선한 쫀득한 고구마,고구마의 진한 풍미와 쫀득한 식감을 자랑하는 해남산 고구마입니다.,390d1e2f-3a4b-4e4e-f3c7-33d4e5f6a7b8,28900,ON_SALE
제주도 특·상급 흑돼지,"제주도에서 자란 특·상급 흑돼지로, 육질이 부드럽고 풍미가 뛰어납니다.",9f6d7e8f-9a0b-4e0e-f9c3-99d0e1f2a3b4,41500,ON_SALE
신선한 완도산 전복,"완도에서 잡아올린 신선한 전복으로, 바다의 향을 그대로 담고 있습니다.",7d4b5c6d-7e8f-4c8c-d7a1-77b8c9d0e1f2,55000,ON_SALE
밀양산 아삭한 배추,신선한 밀양산 배추로 아삭한 식감과 함께 담백한 맛을 제공합니다.,e45e6f7a-8b9c-49f9-a8d2-88e9f0a1b2c3,15000,ON_SALE
영주산 엄선한 사과,"영주에서 엄선한 사과로, 달달한 맛과 아삭한 식감이 일품입니다.",e45e6f7a-8b9c-49f9-a8d2-88e9f0a1b2c3,23000,ON_SALE
고창산 엄선한 아삭한 청상추,신선한 맛과 아삭한 식감이 일품인 고창산 청상추입니다.,067a8b9c-0d1e-4b1b-c0f4-00a1b2c3d4e5,19800,ON_SALE
완도에서 자란 특·상급 주꾸미,"신선한 바다에서 잡은 주꾸미로, 쫀득한 식감을 자랑합니다.",7d4b5c6d-7e8f-4c8c-d7a1-77b8c9d0e1f2,25900,ON_SALE
햇출하 제주산 고당도 감귤,"햇살을 받아 자란 달콤한 제주 감귤로, 풍부한 과즙이 매력입니다.",d34d5e6f-7a8b-48e8-f7c1-77d8e9f0a1b2,32000,ON_SALE
밀양산 산지 선별 고급 배,"좋은 크기와 품질의 밀양산 배로, 달달한 맛이 특징입니다.",e45e6f7a-8b9c-49f9-a8d2-88e9f0a1b2c3,27000,ON_SALE
특급 품질 영주산 쫄깃한 돼지고기,"신선한 영주산 돼지고기로, 쫄깃한 식감과 풍미가 뛰어납니다.",9f6d7e8f-9a0b-4e0e-f9c3-99d0e1f2a3b4,45000,ON_SALE
국내산 고당도 천혜향,달달하고 풍부한 향이 매력적인 천혜향에 대한 상세 설명입니다.,d34d5e6f-7a8b-48e8-f7c1-77d8e9f0a1b2,45600,ON_SALE
영주산 엄선한 한우,풍미 가득한 한우에 대한 상세 설명입니다.,9f6d7e8f-9a0b-4e0e-f9c3-99d0e1f2a3b4,72000,ON_SALE
밀양산 아삭한 오이,아삭한 식감과 신선함이 가득한 오이에 대한 상세 설명입니다.,7d4b5c6d-7e8f-4c8c-d7a1-77b8c9d0e1f2,19800,ON_SALE
햇출하 신선한 완도 전복,완도의 바다에서 갓 채취한 전복에 대한 상세 설명입니다.,7d4b5c6d-7e8f-4c8c-d7a1-77b8c9d0e1f2,32500,ON_SALE
아삭한 성주 참외,성주 지역에서 자란 신선한 참외의 특징을 담았습니다.,d34d5e6f-7a8b-48e8-f7c1-77d8e9f0a1b2,15000,ON_SALE
고당도 논산 수박,논산에서 자생한 달콤한 수박에 대한 상세 설명입니다.,d34d5e6f-7a8b-48e8-f7c1-77d8e9f0a1b2,22000,ON_SALE
엄선된 태안 생굴,태안의 청정 바다에서 자란 신선한 생굴에 대한 설명입니다.,7d4b5c6d-7e8f-4c8c-d7a1-77b8c9d0e1f2,27000,ON_SALE
특·상급 밀양 자두,밀양에서 자란 신선한 자두에 대한 상세 설명입니다.,7d4b5c6d-7e8f-4c8c-d7a1-77b8c9d0e1f2,18000,ON_SALE
제주에서 자란 달달한 한라봉,신선한 제주 한라봉에 대한 상세 설명입니다.,d34d5e6f-7a8b-48e8-f7c1-77d8e9f0a1b2,18000,ON_SALE
아삭한 청포도 특·상급,신선한 청포도의 상세 설명입니다.,d34d5e6f-7a8b-48e8-f7c1-77d8e9f0a1b2,24000,ON_SALE
영주 사과 맛있는 햇출하,영주에서 자란 사과의 상세 설명입니다.,e45e6f7a-8b9c-49f9-a8d2-88e9f0a1b2c3,15000,ON_SALE
쫀득한 베니하루카 고구마,특별히 선별된 베니하루카 고구마에 대한 상세 설명입니다.,390d1e2f-3a4b-4e4e-f3c7-33d4e5f6a7b8,9500,ON_SALE
영주에서 자란 특·상급 표고버섯,영주에서 자란 신선한 표고버섯에 대한 상세 설명입니다.,067a8b9c-0d1e-4b1b-c0f4-00a1b2c3d4e5,18500,ON_SALE
완도에서 수확한 신선한 전복,완도에서 갓 잡은 신선한 전복에 대한 상세 설명입니다.,7d4b5c6d-7e8f-4c8c-d7a1-77b8c9d0e1f2,32500,ON_SALE
엄선된 고창 무,"고창 지역에서 자란 신선한 무로, 아삭한 식감이 일품입니다.",390d1e2f-3a4b-4e4e-f3c7-33d4e5f6a7b8,15000,ON_SALE
햇출하 영주 상추,"영주에서 자란 신선한 상추로, 아삭한 식감과 상큼한 맛이 특징입니다.",067a8b9c-0d1e-4b1b-c0f4-00a1b2c3d4e5,12000,ON_SALE
특·상급 태안 당근,"태안에서 자생한 당근으로, 달콤하고 아삭한 식감이 매력입니다.",390d1e2f-3a4b-4e4e-f3c7-33d4e5f6a7b8,17000,ON_SALE
쫀득한 횡성 콩나물,"횡성에서 자란 신선한 콩나물로, 쫀득한 식감이 특징입니다.",178b9c0d-1e2f-4c2c-d1a5-11b2c3d4e5f6,8000,ON_SALE
완도산 신선한 조개,해풍을 맞고 자란 완도산 조개에 대한 상세 설명입니다.,7d4b5c6d-7e8f-4c8c-d7a1-77b8c9d0e1f2,18200,ON_SALE
제주 햇갈비,제주에서 자란 신선한 갈비에 대한 상세 설명입니다.,9f6d7e8f-9a0b-4e0e-f9c3-99d0e1f2a3b4,35000,ON_SALE
영주산 아삭한 배추,청정 지역 영주에서 자란 아삭한 배추에 대한 상세 설명입니다.,e45e6f7a-8b9c-49f9-a8d2-88e9f0a1b2c3,14500,ON_SALE
성주 고당도 참외,달콤한 맛이 일품인 성주산 참외에 대한 상세 설명입니다.,d34d5e6f-7a8b-48e8-f7c1-77d8e9f0a1b2,29900,ON_SALE
고당도 샤인머스캣 엄선,국내에서 자란 달콤한 샤인머스캣입니다.,d34d5e6f-7a8b-48e8-f7c1-77d8e9f0a1b2,19800,ON_SALE
제주산 특·상급 한라봉,"신선한 제주에서 자란 한라봉으로, 풍부한 과즙을 자랑합니다.",d34d5e6f-7a8b-48e8-f7c1-77d8e9f0a1b2,13500,ON_SALE
달달한 캠벨얼리 산지 선별,최상의 맛을 가진 캠벨얼리 포도를 엄선하여 제공합니다.,d34d5e6f-7a8b-48e8-f7c1-77d8e9f0a1b2,12000,ON_SALE
영주 사과 특·상급,"영주에서 자란 아삭한 사과로, 풍부한 과즙이 일품입니다.",e45e6f7a-8b9c-49f9-a8d2-88e9f0a1b2c3,9500,ON_SALE
신선한 논산 자두,"논산에서 자란 싱그러운 자두로, 여름의 맛을 느껴보세요.",7d4b5c6d-7e8f-4c8c-d7a1-77b8c9d0e1f2,11000,ON_SALE
전라남도 특·상급 단감,전라남도에서 자란 특·상급의 부드럽고 달달한 단감입니다.,e45e6f7a-8b9c-49f9-a8d2-88e9f0a1b2c3,45000,ON_SALE
달달한 캠벨얼리 포도,달콤한 맛이 특징인 캠벨얼리 포도의 상세 설명입니다.,d34d5e6f-7a8b-48e8-f7c1-77d8e9f0a1b2,32000,ON_SALE
영주산 신선한 사과,영주에서 자란 신선하고 아삭한 사과에 대한 상세 설명입니다.,e45e6f7a-8b9c-49f9-a8d2-88e9f0a1b2c3,15000,ON_SALE
영주산 특·상급 표고버섯,영주에서 자란 특·상급 표고버섯에 대한 상세 설명입니다.,067a8b9c-0d1e-4b1b-c0f4-00a1b2c3d4e5,35000,ON_SALE
밀양산 쫀득한 찹쌀,밀양에서 자란 쫀득한 찹쌀에 대한 상세 설명입니다.,4a1e2f3a-4b5c-4f5f-a4d8-44e5f6a7b8c9,15000,ON_SALE
햇출하 고소한 대파,신선한 대파에 대한 상세 설명입니다.,067a8b9c-0d1e-4b1b-c0f4-00a1b2c3d4e5,5623,ON_SALE
아삭한 미나리 국내산,신선한 미나리에 대한 상세 설명입니다.,178b9c0d-1e2f-4c2c-d1a5-11b2c3d4e5f6,7540,ON_SALE
특·상급 영양가득 시금치,신선한 시금치에 대한 상세 설명입니다.,067a8b9c-0d1e-4b1b-c0f4-00a1b2c3d4e5,6400,ON_SALE
달달한 제주 감귤 산지 직송,제주에서 자란 신선한 감귤의 상세 설명입니다.,d34d5e6f-7a8b-48e8-f7c1-77d8e9f0a1b2,15800,ON_SALE
아삭한 청도 수박 특·상급,청도에서 자란 수박의 품질과 신선함에 대한 상세 설명입니다.,d34d5e6f-7a8b-48e8-f7c1-77d8e9f0a1b2,22000,ON_SALE
햇출하 진한 풍미의 천혜향,신선하게 수확한 천혜향의 맛과 향에 대한 상세 설명입니다.,d34d5e6f-7a8b-48e8-f7c1-77d8e9f0a1b2,25000,ON_SALE
프리미엄 베니하루카 고구마,엄선된 베니하루카 고구마의 달콤함과 품질에 대한 상세 설명입니다.,390d1e2f-3a4b-4e4e-f3c7-33d4e5f6a7b8,17500,ON_SALE
특·상급 고당도 청도 사과,과일류 사과에 대한 상세 설명입니다.,e45e6f7a-8b9c-49f9-a8d2-88e9f0a1b2c3,29800,ON_SALE
아삭한 영주 배,과일류 배에 대한 상세 설명입니다.,e45e6f7a-8b9c-49f9-a8d2-88e9f0a1b2c3,24500,ON_SALE
엄선된 특·상급 샤인머스캣,과일류 포도에 대한 상세 설명입니다.,d34d5e6f-7a8b-48e8-f7c1-77d8e9f0a1b2,36500,ON_SALE
달달한 해남 수박,과일류 수박에 대한 상세 설명입니다.,d34d5e6f-7a8b-48e8-f7c1-77d8e9f0a1b2,31000,ON_SALE
고창산 엄선한 쫀득한 고구마,고창에서 자란 쫀득한 식감의 고구마에 대한 상세 설명입니다.,390d1e2f-3a4b-4e4e-f3c7-33d4e5f6a7b8,32000,ON_SALE
완도산 신선한 자연산 감태,완도에서 직접 채취한 신선한 감태에 대한 상세 설명입니다.,7d4b5c6d-7e8f-4c8c-d7a1-77b8c9d0e1f2,25000,ON_SALE
횡성산 자연산 송이버섯,횡성에서 채취한 자연산 송이버섯에 대한 상세 설명입니다.,067a8b9c-0d1e-4b1b-c0f4-00a1b2c3d4e5,60000,ON_SALE
달달한 고창 사과,신선한 고창에서 자란 달달한 사과의 상세 설명입니다.,e45e6f7a-8b9c-49f9-a8d2-88e9f0a1b2c3,15800,ON_SALE
엄선된 제주 감귤,제주에서 엄선한 신선한 감귤에 대한 상세 설명입니다.,d34d5e6f-7a8b-48e8-f7c1-77d8e9f0a1b2,19800,ON_SALE
고당도 천혜향,달콤한 맛이 일품인 고당도 천혜향의 상세 설명입니다.,d34d5e6f-7a8b-48e8-f7c1-77d8e9f0a1b2,23800,ON_SALE
고창 특·상급 방울토마토,고창에서 자란 특·상급 방울토마토의 달콤함과 풍부한 맛을 느껴보세요.,7d4b5c6d-7e8f-4c8c-d7a1-77b8c9d0e1f2,18900,ON_SALE
산지 선별 밀양 대파,신선하고 향긋한 밀양 대파로 요리를 더욱 풍미 있게 만들어 보세요.,067a8b9c-0d1e-4b1b-c0f4-00a1b2c3d4e5,13500,ON_SALE
쫀득한 해남 무,해남에서 자란 쫀득한 무의 식감과 시원한 맛을 경험해 보세요.,390d1e2f-3a4b-4e4e-f3c7-33d4e5f6a7b8,12000,ON_SALE
횡성 고당도 콩나물,횡성에서 자란 고당도의 신선한 콩나물로 건강한 요리를 즐겨보세요.,178b9c0d-1e2f-4c2c-d1a5-11b2c3d4e5f6,10000,ON_SALE
달달한 샤인머스캣 엄선,신선하고 맛있는 샤인머스캣에 대한 상세 설명입니다.,d34d5e6f-7a8b-48e8-f7c1-77d8e9f0a1b2,25000,ON_SALE
제주 감귤 산지 선별,상큼한 제주 감귤에 대한 상세 설명입니다.,d34d5e6f-7a8b-48e8-f7c1-77d8e9f0a1b2,18000,ON_SALE
아삭한 유기농 사과,신선하고 아삭한 유기농 사과에 대한 상세 설명입니다.,e45e6f7a-8b9c-49f9-a8d2-88e9f0a1b2c3,15000,ON_SALE
특·상급 레드향,진한 풍미의 레드향에 대한 상세 설명입니다.,d34d5e6f-7a8b-48e8-f7c1-77d8e9f0a1b2,27000,ON_SALE
산지 선별 엄선한 해남 고구마,달콤한 맛이 일품인 해남 고구마의 상세 설명입니다.,390d1e2f-3a4b-4e4e-f3c7-33d4e5f6a7b8,24800,ON_SALE
특·상급 논산 유기농 무,아삭한 식감이 매력적인 논산 유기농 무의 상세 설명입니다.,390d1e2f-3a4b-4e4e-f3c7-33d4e5f6a7b8,19800,ON_SALE
쫀득한 밀양 떡갈비,특별한 맛을 자랑하는 밀양 떡갈비의 상세 설명입니다.,9f6d7e8f-9a0b-4e0e-f9c3-99d0e1f2a3b4,32900,ON_SALE
봄 수확된 청도 대추,풍부한 영양과 달콤한 맛이 특징인 청도 대추의 상세 설명입니다.,7d4b5c6d-7e8f-4c8c-d7a1-77b8c9d0e1f2,35900,ON_SALE
특·상급 제주 흑돼지,제주에서 자란 흑돼지에 대한 상세 설명입니다.,9f6d7e8f-9a0b-4e0e-f9c3-99d0e1f2a3b4,42000,ON_SALE
고당도 청도 복숭아,청도에서 자란 달달한 복숭아에 대한 상세 설명입니다.,d34d5e6f-7a8b-48e8-f7c1-77d8e9f0a1b2,15800,ON_SALE
엄선된 영주 사과,영주에서 선별한 신선한 사과에 대한 상세 설명입니다.,e45e6f7a-8b9c-49f9-a8d2-88e9f0a1b2c3,12000,ON_SALE
산지 직송 아삭한 미니 당근,아삭한 식감이 특징인 미니 당근에 대한 상세 설명입니다.,390d1e2f-3a4b-4e4e-f3c7-33d4e5f6a7b8,19800,ON_SALE
완도에서 잡은 신선한 전복,신선한 전복에 대한 상세 설명입니다.,7d4b5c6d-7e8f-4c8c-d7a1-77b8c9d0e1f2,52000,ON_SALE
밀양에서 자란 특·상급 청양고추,특·상급 청양고추의 매운맛과 신선함에 대한 상세 설명입니다.,067a8b9c-0d1e-4b1b-c0f4-00a1b2c3d4e5,15900,ON_SALE
영주산 쫀득한 찰옥수수,영주에서 자란 찰옥수수의 쫀득한 식감에 대한 상세 설명입니다.,4a1e2f3a-4b5c-4f5f-a4d8-44e5f6a7b8c9,22000,ON_SALE
신선한 경남 밀양 샤인머스캣,과일류 샤인머스캣에 대한 상세 설명입니다.,d34d5e6f-7a8b-48e8-f7c1-77d8e9f0a1b2,30500,ON_SALE
특·상급 고창 수박,고창에서 자란 신선한 수박에 대한 상세 설명입니다.,d34d5e6f-7a8b-48e8-f7c1-77d8e9f0a1b2,19800,ON_SALE
엄선된 태안 복숭아,태안에서 수확한 신선한 복숭아에 대한 상세 설명입니다.,d34d5e6f-7a8b-48e8-f7c1-77d8e9f0a1b2,27000,ON_SALE
제주 햇출하 쫀득한 당근,달콤하고 쫀득한 식감의 제주산 당근에 대한 상세 설명입니다.,390d1e2f-3a4b-4e4e-f3c7-33d4e5f6a7b8,9800,ON_SALE
완도 특·상급 청양고추,매운맛이 일품인 청양고추에 대한 상세 설명입니다.,067a8b9c-0d1e-4b1b-c0f4-00a1b2c3d4e5,15800,ON_SALE
성주산 고당도 방울토마토,달콤하고 신선한 방울토마토에 대한 상세 설명입니다.,7d4b5c6d-7e8f-4c8c-d7a1-77b8c9d0e1f2,14500,ON_SALE
태안산 엄선된 배추,신선하고 품질 높은 배추에 대한 상세 설명입니다.,e45e6f7a-8b9c-49f9-a8d2-88e9f0a1b2c3,11500,ON_SALE
햇출하 고당도 샤인머스캣,신선하게 수확된 달콤한 샤인머스캣에 대한 상세 설명입니다.,d34d5e6f-7a8b-48e8-f7c1-77d8e9f0a1b2,24500,ON_SALE
특·상급 밀양 복숭아,엄선된 밀양에서 자란 특·상급 복숭아에 대한 상세 설명입니다.,d34d5e6f-7a8b-48e8-f7c1-77d8e9f0a1b2,22000,ON_SALE
달달한 청도 포도,청도에서 자란 진한 풍미의 포도에 대한 상세 설명입니다.,d34d5e6f-7a8b-48e8-f7c1-77d8e9f0a1b2,21500,ON_SALE
산지 선별 쫀득한 천혜향,신선하게 선별된 쫀득한 천혜향에 대한 상세 설명입니다.,d34d5e6f-7a8b-48e8-f7c1-77d8e9f0a1b2,27000,ON_SALE
제주 햇감귤 고당도,신선한 제주 감귤의 고당도와 풍미를 느껴보세요.,d34d5e6f-7a8b-48e8-f7c1-77d8e9f0a1b2,22000,ON_SALE
특·상급 완도 참다래,"완도에서 자란 신선한 참다래, 과즙이 풍부합니다.",7d4b5c6d-7e8f-4c8c-d7a1-77b8c9d0e1f2,35000,ON_SALE
달달한 청도 복숭아,"청도 지역의 햇복숭아, 달콤한 맛이 일품입니다.",d34d5e6f-7a8b-48e8-f7c1-77d8e9f0a1b2,29000,ON_SALE
엄선된 고창 샤인머스캣,"고창 지역에서 엄선한 특급 샤인머스캣, 풍부한 맛을 제공합니다.",d34d5e6f-7a8b-48e8-f7c1-77d8e9f0a1b2,40000,ON_SALE
아삭한 청도 미니 수박,신선한 청도에서 자란 아삭한 식감의 미니 수박입니다.,d34d5e6f-7a8b-48e8-f7c1-77d8e9f0a1b2,19800,ON_SALE
특·상급 횡성 한우,"프리미엄 품질의 횡성 한우로, 부드러운 육질과 풍미를 자랑합니다.",9f6d7e8f-9a0b-4e0e-f9c3-99d0e1f2a3b4,98000,ON_SALE
신선한 제주 방어,"제주에서 갓 잡은 신선한 방어로, 풍부한 맛과 식감을 제공합니다.",7d4b5c6d-7e8f-4c8c-d7a1-77b8c9d0e1f2,32000,ON_SALE
햇출하 고당도 방울토마토,신선한 방울토마토에 대한 상세 설명입니다.,7d4b5c6d-7e8f-4c8c-d7a1-77b8c9d0e1f2,19800,ON_SALE
특·상급 밀양 고추,매운 고추에 대한 상세 설명입니다.,067a8b9c-0d1e-4b1b-c0f4-00a1b2c3d4e5,22000,ON_SALE
고창산 달달한 양파,신선한 양파에 대한 상세 설명입니다.,067a8b9c-0d1e-4b1b-c0f4-00a1b2c3d4e5,16000,ON_SALE
햇출하 청도 수박,달고 시원한 청도 수박에 대한 상세 설명입니다.,d34d5e6f-7a8b-48e8-f7c1-77d8e9f0a1b2,29000,ON_SALE
엄선된 경북 영주 사과,아삭한 식감의 영주 사과에 대한 상세 설명입니다.,e45e6f7a-8b9c-49f9-a8d2-88e9f0a1b2c3,18500,ON_SALE
신선한 강원도 한우,풍미가 뛰어난 강원도 한우에 대한 상세 설명입니다.,9f6d7e8f-9a0b-4e0e-f9c3-99d0e1f2a3b4,65000,ON_SALE
아삭한 청도 복숭아,청도에서 자란 아삭한 식감의 신선한 복숭아입니다.,d34d5e6f-7a8b-48e8-f7c1-77d8e9f0a1b2,12900,ON_SALE
달달한 레드향 귤,"달달한 맛이 가득한 레드향으로, 겨울철에 딱 맞는 과일입니다.",d34d5e6f-7a8b-48e8-f7c1-77d8e9f0a1b2,9500,ON_SALE
성주 배,"성주에서 자란 신선한 배로, 부드러운 식감과 풍부한 과즙이 특징입니다.",e45e6f7a-8b9c-49f9-a8d2-88e9f0a1b2c3,11000,ON_SALE
고당도 샤인머스캣 산지 직송,신선한 샤인머스캣의 달콤한 맛을 그대로 담았습니다.,d34d5e6f-7a8b-48e8-f7c1-77d8e9f0a1b2,18000,ON_SALE
제주 햇 감귤,햇살 아래 자란 제주 감귤의 상큼함이 일품입니다.,d34d5e6f-7a8b-48e8-f7c1-77d8e9f0a1b2,15000,ON_SALE
특·상급 천혜향,고급스러운 천혜향의 진한 풍미를 느껴보세요.,d34d5e6f-7a8b-48e8-f7c1-77d8e9f0a1b2,22000,ON_SALE
영주 아삭한 사과,영주에서 자란 아삭한 사과로 상큼한 하루를 시작하세요.,e45e6f7a-8b9c-49f9-a8d2-88e9f0a1b2c3,12000,ON_SALE
노지에서 자란 달달한 복숭아,"자연 그대로의 맛, 노지에서 자란 복숭아의 달콤함을 경험하세요.",d34d5e6f-7a8b-48e8-f7c1-77d8e9f0a1b2,17000,ON_SALE
달달한 샤인머스캣 산지 선별,고급 품종 샤인머스캣의 신선한 맛을 느낄 수 있는 상품입니다.,d34d5e6f-7a8b-48e8-f7c1-77d8e9f0a1b2,29500,ON_SALE
아삭한 청도 수박,"청도에서 자란 신선한 수박으로, 여름을 시원하게 맞이하세요.",d34d5e6f-7a8b-48e8-f7c1-77d8e9f0a1b2,18000,ON_SALE
특·상급 레드향 귤,"엄선된 품질의 레드향으로, 달콤한 맛이 일품입니다.",d34d5e6f-7a8b-48e8-f7c1-77d8e9f0a1b2,25000,ON_SALE
제주산 특·상급 갈치,"신선한 제주 갈치로, 부드럽고 담백한 맛이 일품입니다.",7d4b5c6d-7e8f-4c8c-d7a1-77b8c9d0e1f2,45400,ON_SALE
고창 자생 식용 꽃,"신선한 고창에서 수확한 다양한 식용 꽃으로, 샐러드에 적합합니다.",067a8b9c-0d1e-4b1b-c0f4-00a1b2c3d4e5,23900,ON_SALE
밀양 천연 송이버섯,"자연에서 자란 송이버섯으로, 깊고 풍부한 맛이 특징입니다.",067a8b9c-0d1e-4b1b-c0f4-00a1b2c3d4e5,67200,ON_SALE
홍천 청정 한우,"엄선된 홍천 한우로, 풍부한 육즙과 부드러운 식감을 자랑합니다.",9f6d7e8f-9a0b-4e0e-f9c3-99d0e1f2a3b4,123000,ON_SALE
완도 해조류 혼합,"신선한 완도 해조류를 혼합하여, 영양가가 풍부하고 건강에 좋은 제품입니다.",7d4b5c6d-7e8f-4c8c-d7a1-77b8c9d0e1f2,18900,ON_SALE
쫀득한 해남 수박,"해남에서 자란 쫀득한 수박, 시원하고 달콤한 여름을 선사합니다.",d34d5e6f-7a8b-48e8-f7c1-77d8e9f0a1b2,25000,ON_SALE
제주산 아삭한 감귤,신선한 제주산 감귤로 아삭한 식감과 달콤한 맛을 자랑합니다.,d34d5e6f-7a8b-48e8-f7c1-77d8e9f0a1b2,18900,ON_SALE
영주산 쫀득한 복숭아,"달달하고 쫀득한 식감의 영주산 복숭아, 품질이 뛰어난 상품입니다.",d34d5e6f-7a8b-48e8-f7c1-77d8e9f0a1b2,23000,ON_SALE
햇출하 밀양 수박,신선한 햇출하 밀양 수박으로 시원한 여름의 맛을 느껴보세요.,d34d5e6f-7a8b-48e8-f7c1-77d8e9f0a1b2,19900,ON_SALE
풍미 가득한 완도 전복,신선한 바다에서 자란 전복에 대한 상세 설명입니다.,7d4b5c6d-7e8f-4c8c-d7a1-77b8c9d0e1f2,45200,ON_SALE
고당도 밀양 멜론,달콤한 맛이 특징인 멜론에 대한 상세 설명입니다.,d34d5e6f-7a8b-48e8-f7c1-77d8e9f0a1b2,27800,ON_SALE
특급 엄선 영주 사과,아삭한 식감과 상큼한 맛이 일품인 사과에 대한 상세 설명입니다.,e45e6f7a-8b9c-49f9-a8d2-88e9f0a1b2c3,32450,ON_SALE
쫀득한 태안 새우,신선한 바다에서 잡힌 새우에 대한 상세 설명입니다.,7d4b5c6d-7e8f-4c8c-d7a1-77b8c9d0e1f2,18900,ON_SALE
햇출하 보성 청귤,상큼한 청귤의 맛에 대한 상세 설명입니다.,d34d5e6f-7a8b-48e8-f7c1-77d8e9f0a1b2,15600,ON_SALE
엄선된 고창 청경채,신선한 청경채의 아삭한 식감을 느낄 수 있는 제품입니다.,067a8b9c-0d1e-4b1b-c0f4-00a1b2c3d4e5,24900,ON_SALE
햇출하 태안 대파,달큰한 맛과 풍부한 향이 일품인 태안 대파입니다.,067a8b9c-0d1e-4b1b-c0f4-00a1b2c3d4e5,19800,ON_SALE
특·상급 성주 오이,아삭하고 신선한 성주 오이로 여름을 맞이하세요.,7d4b5c6d-7e8f-4c8c-d7a1-77b8c9d0e1f2,16900,ON_SALE
제주 자연 재배 당근,당근의 자연 단맛과 아삭한 식감이 살아있는 제품입니다.,390d1e2f-3a4b-4e4e-f3c7-33d4e5f6a7b8,22000,ON_SALE
쫀득한 영주 쌀쌀배추,영주에서 자란 신선한 쌀쌀배추로 건강한 요리를 즐기세요.,4a1e2f3a-4b5c-4f5f-a4d8-44e5f6a7b8c9,18500,ON_SALE
특급 품질의 블루베리,엄선된 특급 품질의 블루베리로 풍부한 영양을 제공합니다.,7d4b5c6d-7e8f-4c8c-d7a1-77b8c9d0e1f2,18700,ON_SALE
완도산 싱싱한 전복,완도에서 잡은 신선한 전복으로 부드러운 식감을 자랑합니다.,7d4b5c6d-7e8f-4c8c-d7a1-77b8c9d0e1f2,25000,ON_SALE
밀양 고추,신선한 밀양 고추로 매콤한 맛을 더해드립니다.,067a8b9c-0d1e-4b1b-c0f4-00a1b2c3d4e5,9800,ON_SALE
엄선된 제주 은갈치,"신선한 제주 바다에서 잡힌 은갈치로, 부드러운 식감이 일품입니다.",7d4b5c6d-7e8f-4c8c-d7a1-77b8c9d0e1f2,32000,ON_SALE
쫀득한 밀양 쌀,"품질 좋은 밀양 쌀로, 밥맛이 뛰어난 제품입니다.",4a1e2f3a-4b5c-4f5f-a4d8-44e5f6a7b8c9,22000,ON_SALE
신선한 태안 대하,"태안 바다에서 잡힌 신선한 대하로, 풍부한 맛이 특징입니다.",7d4b5c6d-7e8f-4c8c-d7a1-77b8c9d0e1f2,45000,ON_SALE
제주산 엄선 아삭한 청경채,신선한 청경채에 대한 상세 설명입니다.,067a8b9c-0d1e-4b1b-c0f4-00a1b2c3d4e5,12000,ON_SALE
고창 고당도 홍고추,매운맛과 단맛이 조화를 이루는 홍고추에 대한 상세 설명입니다.,067a8b9c-0d1e-4b1b-c0f4-00a1b2c3d4e5,8500,ON_SALE
햇출하로 달콤한 고구마,부드럽고 달콤한 고구마에 대한 상세 설명입니다.,390d1e2f-3a4b-4e4e-f3c7-33d4e5f6a7b8,15000,ON_SALE
횡성산 쫀득한 감자,쫀득한 식감의 감자에 대한 상세 설명입니다.,390d1e2f-3a4b-4e4e-f3c7-33d4e5f6a7b8,11000,ON_SALE
햇출하 고당도 청도 복숭아,신선한 청도 지역에서 자란 복숭아의 상세 설명입니다.,d34d5e6f-7a8b-48e8-f7c1-77d8e9f0a1b2,19800,ON_SALE
달달한 완도 감귤,완도에서 자란 달달한 감귤에 대한 상세 설명입니다.,d34d5e6f-7a8b-48e8-f7c1-77d8e9f0a1b2,23000,ON_SALE
쫀득한 밀양 딸기,밀양에서 자란 신선한 딸기의 상세 설명입니다.,7d4b5c6d-7e8f-4c8c-d7a1-77b8c9d0e1f2,24500,ON_SALE
제주산 엄선한 특·상급 감귤,신선한 제주산 감귤에 대한 상세 설명입니다.,d34d5e6f-7a8b-48e8-f7c1-77d8e9f0a1b2,29900,ON_SALE
해남에서 자란 쫀득한 고구마,고구마의 특성과 식감에 대한 상세 설명입니다.,390d1e2f-3a4b-4e4e-f3c7-33d4e5f6a7b8,25800,ON_SALE
영주산 고당도 사과,영주에서 자란 사과의 맛과 품질에 대한 상세 설명입니다.,e45e6f7a-8b9c-49f9-a8d2-88e9f0a1b2c3,34800,ON_SALE
밀양에서 선별한 특·상급 버섯,밀양 버섯의 신선도와 품질에 대한 상세 설명입니다.,067a8b9c-0d1e-4b1b-c0f4-00a1b2c3d4e5,19800,ON_SALE
특·상급 아삭한 청양고추,"신선한 청양고추로, 매운맛이 일품입니다.",067a8b9c-0d1e-4b1b-c0f4-00a1b2c3d4e5,29800,ON_SALE
고창산 엄선한 쫀득한 시금치,"고창에서 자란 신선한 시금치로, 영양이 풍부합니다.",067a8b9c-0d1e-4b1b-c0f4-00a1b2c3d4e5,24600,ON_SALE
햇출하 노지 배추,"신선한 배추로, 아삭한 식감이 특징입니다.",e45e6f7a-8b9c-49f9-a8d2-88e9f0a1b2c3,31200,ON_SALE
밀양산 엄선한 쌈채소 모음,"신선한 쌈채소로, 다양한 맛과 식감을 제공합니다.",067a8b9c-0d1e-4b1b-c0f4-00a1b2c3d4e5,22300,ON_SALE
아삭한 청도 고추,신선한 청도에서 자란 아삭한 식감의 고추입니다.,067a8b9c-0d1e-4b1b-c0f4-00a1b2c3d4e5,3500,ON_SALE
햇출하 고당도 당근,"햇출하로 더욱 달콤한 당근, 신선함이 가득합니다.",390d1e2f-3a4b-4e4e-f3c7-33d4e5f6a7b8,4200,ON_SALE
특·상급 고창 시금치,고창 지역에서 엄선한 특·상급 시금치입니다.,067a8b9c-0d1e-4b1b-c0f4-00a1b2c3d4e5,4800,ON_SALE
쫀득한 해남 감자,"해남에서 자란 쫀득한 식감의 감자, 요리에 제격입니다.",390d1e2f-3a4b-4e4e-f3c7-33d4e5f6a7b8,6000,ON_SALE
신선한 밀양 양파,"밀양에서 자란 신선한 양파, 요리에 풍미를 더합니다.",067a8b9c-0d1e-4b1b-c0f4-00a1b2c3d4e5,3700,ON_SALE
달달한 천혜향 산지 선별,상큼한 천혜향에 대한 상세 설명입니다.,d34d5e6f-7a8b-48e8-f7c1-77d8e9f0a1b2,31245,ON_SALE
아삭한 제철 사과,신선한 제철 사과에 대한 상세 설명입니다.,e45e6f7a-8b9c-49f9-a8d2-88e9f0a1b2c3,28900,ON_SALE
햇출하로 신선한 감귤,상큼한 감귤에 대한 상세 설명입니다.,d34d5e6f-7a8b-48e8-f7c1-77d8e9f0a1b2,27500,ON_SALE
햇출하 영주 감자,햇출하로 신선한 영주 감자입니다.,390d1e2f-3a4b-4e4e-f3c7-33d4e5f6a7b8,1500,ON_SALE
진한 풍미의 횡성 배추,"풍미가 진한 횡성 배추로, 신선하게 수확되었습니다.",e45e6f7a-8b9c-49f9-a8d2-88e9f0a1b2c3,1200,ON_SALE
엄선된 보성 시금치,좋은 품질로 엄선된 보성 시금치입니다.,067a8b9c-0d1e-4b1b-c0f4-00a1b2c3d4e5,2500,ON_SALE
햇출하 청도 자몽 특·상급,신선한 청도 자몽에 대한 상세 설명입니다.,d34d5e6f-7a8b-48e8-f7c1-77d8e9f0a1b2,15800,ON_SALE
고당도 영주 사과 엄선,영주에서 자란 달콤한 사과에 대한 상세 설명입니다.,e45e6f7a-8b9c-49f9-a8d2-88e9f0a1b2c3,12000,ON_SALE
완도 해산물 특·상급,완도에서 잡은 신선한 해산물에 대한 상세 설명입니다.,7d4b5c6d-7e8f-4c8c-d7a1-77b8c9d0e1f2,25000,ON_SALE
쫀득한 밀양 고구마 산지 선별,밀양에서 자란 쫀득한 고구마에 대한 상세 설명입니다.,390d1e2f-3a4b-4e4e-f3c7-33d4e5f6a7b8,9800,ON_SALE
특·상급 해남 고추,해남에서 재배한 매콤한 고추에 대한 상세 설명입니다.,d34d5e6f-7a8b-48e8-f7c1-77d8e9f0a1b2,7500,ON_SALE
고창 특·상급 햇당근,고창 지역에서 자란 신선한 당근의 품질을 강조한 상세 설명입니다.,390d1e2f-3a4b-4e4e-f3c7-33d4e5f6a7b8,12800,ON_SALE
달달한 성주 참외,성주에서 자란 달콤한 참외의 매력을 담은 상세 설명입니다.,d34d5e6f-7a8b-48e8-f7c1-77d8e9f0a1b2,19800,ON_SALE
햇출하 아삭한 양배추,신선한 햇출하 양배추에 대한 상세 설명입니다.,d34d5e6f-7a8b-48e8-f7c1-77d8e9f0a1b2,14800,ON_SALE
햇출하로 달콤한 제주 감귤,신선한 제주 감귤의 고유한 맛을 느껴보세요.,d34d5e6f-7a8b-48e8-f7c1-77d8e9f0a1b2,19800,ON_SALE
아삭한 고창 무,고창에서 자란 아삭한 식감의 무입니다.,390d1e2f-3a4b-4e4e-f3c7-33d4e5f6a7b8,12000,ON_SALE
산지 선별로 엄선한 밀양 한우,특별한 맛과 풍미를 지닌 밀양 한우입니다.,9f6d7e8f-9a0b-4e0e-f9c3-99d0e1f2a3b4,45000,ON_SALE
진한 풍미의 완도 전복,완도에서 공수한 신선한 전복입니다.,7d4b5c6d-7e8f-4c8c-d7a1-77b8c9d0e1f2,78000,ON_SALE
제주 특·상급 브로콜리,브로콜리에 대한 상세 설명입니다.,067a8b9c-0d1e-4b1b-c0f4-00a1b2c3d4e5,18500,ON_SALE
산지 선별 쫀득한 미나리,미나리에 대한 상세 설명입니다.,067a8b9c-0d1e-4b1b-c0f4-00a1b2c3d4e5,12000,ON_SALE
완도에서 자란 신선한 쪽파,쪽파에 대한 상세 설명입니다.,7d4b5c6d-7e8f-4c8c-d7a1-77b8c9d0e1f2,9500,ON_SALE
산지 선별 밀양 복숭아,"밀양에서 직접 선별한 복숭아로, 아삭한 식감과 풍부한 과즙을 느낄 수 있습니다.",d34d5e6f-7a8b-48e8-f7c1-77d8e9f0a1b2,17800,ON_SALE
노지에서 자란 청도 자두,"신선한 청도 자두로, 달달하고 상큼한 맛이 여름을 느끼게 합니다.",7d4b5c6d-7e8f-4c8c-d7a1-77b8c9d0e1f2,15800,ON_SALE
햇출하 달콤한 레드향,"햇출하된 레드향으로, 진한 단맛과 풍미가 고객님을 기다립니다.",d34d5e6f-7a8b-48e8-f7c1-77d8e9f0a1b2,22800,ON_SALE
고당도 고창 배추,채소류 배추에 대한 상세 설명입니다.,e45e6f7a-8b9c-49f9-a8d2-88e9f0a1b2c3,24000,ON_SALE
특·상급 제주 무,채소류 무에 대한 상세 설명입니다.,390d1e2f-3a4b-4e4e-f3c7-33d4e5f6a7b8,18200,ON_SALE
엄선된 밀양 시금치,신선한 시금치에 대한 상세 설명입니다.,067a8b9c-0d1e-4b1b-c0f4-00a1b2c3d4e5,19800,ON_SALE
달달한 태안 브로콜리,채소류 브로콜리에 대한 상세 설명입니다.,067a8b9c-0d1e-4b1b-c0f4-00a1b2c3d4e5,21000,ON_SALE
엄선된 고창 참깨,국내산으로 품질이 뛰어난 참깨입니다.,6c3a4b5c-6d7e-4b7b-c6f0-66a7b8c9d0e1,18500,ON_SALE
제주 해녀가 채취한 신선한 전복,신선하고 쫄깃한 식감의 전복입니다.,7d4b5c6d-7e8f-4c8c-d7a1-77b8c9d0e1f2,35800,ON_SALE
밀양 친환경 고구마,달달하고 부드러운 식감의 고구마입니다.,390d1e2f-3a4b-4e4e-f3c7-33d4e5f6a7b8,14900,ON_SALE
완도 바다에서 잡은 자연산 광어,신선하고 담백한 맛의 자연산 광어입니다.,7d4b5c6d-7e8f-4c8c-d7a1-77b8c9d0e1f2,42000,ON_SALE
산지에서 직접 선별한 품질 좋은 밤,고소하고 풍미가 풍부한 특·상급 밤입니다.,7d4b5c6d-7e8f-4c8c-d7a1-77b8c9d0e1f2,22500,ON_SALE
제주 햇 양파,신선한 제주산 양파에 대한 상세 설명입니다.,067a8b9c-0d1e-4b1b-c0f4-00a1b2c3d4e5,18900,ON_SALE
고창 특·상급 무,아삭한 식감의 고창산 무에 대한 상세 설명입니다.,390d1e2f-3a4b-4e4e-f3c7-33d4e5f6a7b8,15700,ON_SALE
경북 영주 고사리,자연 그대로의 맛을 간직한 영주 고사리에 대한 상세 설명입니다.,7d4b5c6d-7e8f-4c8c-d7a1-77b8c9d0e1f2,23000,ON_SALE
태안 신선한 간재미,태안에서 잡은 신선한 간재미에 대한 상세 설명입니다.,7d4b5c6d-7e8f-4c8c-d7a1-77b8c9d0e1f2,27000,ON_SALE
산지 직송 아삭한 청경채,신선한 청경채에 대한 상세 설명입니다.,067a8b9c-0d1e-4b1b-c0f4-00a1b2c3d4e5,14900,ON_SALE
고창 특·상급 쫀득한 미나리,미나리에 대한 상세 설명입니다.,067a8b9c-0d1e-4b1b-c0f4-00a1b2c3d4e5,9800,ON_SALE
햇출하 신선한 오이,오이에 대한 상세 설명입니다.,7d4b5c6d-7e8f-4c8c-d7a1-77b8c9d0e1f2,7800,ON_SALE
제주산 달달한 방울토마토,방울토마토에 대한 상세 설명입니다.,7d4b5c6d-7e8f-4c8c-d7a1-77b8c9d0e1f2,12900,ON_SALE
햇출하 고당도 청도 대파,신선한 청도 대파의 고소한 맛과 아삭한 식감이 일품입니다.,067a8b9c-0d1e-4b1b-c0f4-00a1b2c3d4e5,12900,ON_SALE
특·상급 밀양 무,"신선한 밀양에서 자란 특·상급 무로, 담백한 맛이 매력적입니다.",390d1e2f-3a4b-4e4e-f3c7-33d4e5f6a7b8,8500,ON_SALE
아삭한 해남 시금치,"해남에서 자란 아삭한 시금치로, 영양이 가득합니다.",067a8b9c-0d1e-4b1b-c0f4-00a1b2c3d4e5,6700,ON_SALE
엄선된 고창 배추,"고창에서 직접 선별한 배추로, 신선함과 아삭한 식감이 돋보입니다.",e45e6f7a-8b9c-49f9-a8d2-88e9f0a1b2c3,11000,ON_SALE
봄 수확 노지 당근,"노지에서 자란 신선한 당근으로, 달콤한 맛이 일품입니다.",390d1e2f-3a4b-4e4e-f3c7-33d4e5f6a7b8,7200,ON_SALE
아삭한 고창 배추,신선한 고창 배추에 대한 상세 설명입니다.,e45e6f7a-8b9c-49f9-a8d2-88e9f0a1b2c3,18900,ON_SALE
특·상급 횡성 당근,신선한 횡성 당근에 대한 상세 설명입니다.,390d1e2f-3a4b-4e4e-f3c7-33d4e5f6a7b8,7200,ON_SALE
진한 풍미의 태안 파,태안에서 자란 신선한 파에 대한 상세 설명입니다.,7d4b5c6d-7e8f-4c8c-d7a1-77b8c9d0e1f2,6700,ON_SALE
산지 직송 엄선한 쫀득한 전복,수산물 전복에 대한 상세 설명입니다.,7d4b5c6d-7e8f-4c8c-d7a1-77b8c9d0e1f2,35789,ON_SALE
제주산 고당도 방어,신선한 수산물 방어에 대한 상세 설명입니다.,7d4b5c6d-7e8f-4c8c-d7a1-77b8c9d0e1f2,42900,ON_SALE
전라남도 착한 한우,축산물 한우에 대한 상세 설명입니다.,9f6d7e8f-9a0b-4e0e-f9c3-99d0e1f2a3b4,59800,ON_SALE
밀양산 특·상급 한라봉,과일류 한라봉에 대한 상세 설명입니다.,d34d5e6f-7a8b-48e8-f7c1-77d8e9f0a1b2,35000,ON_SALE
햇출하 아삭한 대구,신선한 수산물 대구에 대한 상세 설명입니다.,7d4b5c6d-7e8f-4c8c-d7a1-77b8c9d0e1f2,21500,ON_SALE
햇출하 아삭한 사과,신선한 햇사과에 대한 상세 설명입니다.,e45e6f7a-8b9c-49f9-a8d2-88e9f0a1b2c3,14800,ON_SALE
제주산 달달한 감귤,제주에서 자란 감귤에 대한 상세 설명입니다.,d34d5e6f-7a8b-48e8-f7c1-77d8e9f0a1b2,17500,ON_SALE
프리미엄 레드향,풍미 가득한 레드향에 대한 상세 설명입니다.,d34d5e6f-7a8b-48e8-f7c1-77d8e9f0a1b2,23000,ON_SALE
엄선한 제주 청귤,상큼한 맛과 풍부한 향을 자랑하는 제주산 청귤입니다.,d34d5e6f-7a8b-48e8-f7c1-77d8e9f0a1b2,17850,ON_SALE
특상급 고창 생표고버섯,고창에서 자란 품질 좋은 생표고버섯입니다. 깊은 풍미가 특징입니다.,067a8b9c-0d1e-4b1b-c0f4-00a1b2c3d4e5,23900,ON_SALE
산지 선별 영주 사과,영주에서 갓 수확한 아삭한 식감의 사과입니다.,e45e6f7a-8b9c-49f9-a8d2-88e9f0a1b2c3,15200,ON_SALE
햇출하 밀양 참외,달달하고 아삭한 식감이 매력적인 밀양 참외입니다.,d34d5e6f-7a8b-48e8-f7c1-77d8e9f0a1b2,19800,ON_SALE
특·상급 고창 쪽파,고창에서 자란 품질 좋은 쪽파에 대한 상세 설명입니다.,7d4b5c6d-7e8f-4c8c-d7a1-77b8c9d0e1f2,7800,ON_SALE
달달한 완도 미역,신선한 완도 미역에 대한 상세 설명입니다.,067a8b9c-0d1e-4b1b-c0f4-00a1b2c3d4e5,6500,ON_SALE
쫀득한 밀양 고구마,밀양에서 자란 쫀득한 고구마에 대한 상세 설명입니다.,390d1e2f-3a4b-4e4e-f3c7-33d4e5f6a7b8,8500,ON_SALE
햇출하 청도 대파,신선한 대파의 풍미를 자랑하는 청도산 제품입니다.,067a8b9c-0d1e-4b1b-c0f4-00a1b2c3d4e5,10980,ON_SALE
아삭한 영주 샐러리,아삭한 식감으로 샐러드에 제격인 영주산 샐러리입니다.,067a8b9c-0d1e-4b1b-c0f4-00a1b2c3d4e5,8500,ON_SALE
고당도 태안 당근,달콤함이 가득한 태안산 당근으로 건강한 요리를 즐기세요.,390d1e2f-3a4b-4e4e-f3c7-33d4e5f6a7b8,6400,ON_SALE
엄선된 성주 고추,"매콤한 맛이 일품인 성주산 고추, 요리에 풍미를 더합니다.",067a8b9c-0d1e-4b1b-c0f4-00a1b2c3d4e5,9300,ON_SALE
해남 고당도 특·상급 대파,"신선한 대파로, 해남에서 자란 고당도의 특·상급 품질입니다.",067a8b9c-0d1e-4b1b-c0f4-00a1b2c3d4e5,19800,ON_SALE
밀양산 진한 풍미의 유기농 시금치,"유기농 방식으로 재배된 밀양산 시금치로, 진한 풍미가 일품입니다.",d34d5e6f-7a8b-48e8-f7c1-77d8e9f0a1b2,17900,ON_SALE
고창 쫀득한 특·상급 무,"고창에서 재배된 쫀득한 식감의 무로, 특·상급 품질을 자랑합니다.",390d1e2f-3a4b-4e4e-f3c7-33d4e5f6a7b8,15500,ON_SALE
영주햇출하 신선한 적양파,"영주에서 햇출하된 신선한 적양파로, 달콤한 맛이 특징입니다.",067a8b9c-0d1e-4b1b-c0f4-00a1b2c3d4e5,21000,ON_SALE
고창산 엄선된 고당도 사과,신선한 고창에서 자란 달콤한 사과입니다.,e45e6f7a-8b9c-49f9-a8d2-88e9f0a1b2c3,49000,ON_SALE
밀양 특·상급 청포도,밀양에서 선별된 특급 청포도로 맛과 품질이 우수합니다.,d34d5e6f-7a8b-48e8-f7c1-77d8e9f0a1b2,48000,ON_SALE
햇출하된 달달한 영주 배,신선한 영주 지역의 배로 풍부한 단맛을 자랑합니다.,e45e6f7a-8b9c-49f9-a8d2-88e9f0a1b2c3,51000,ON_SALE
완도산 쫀득한 석류,완도에서 자란 자연 그대로의 석류로 건강에 좋은 과일입니다.,d34d5e6f-7a8b-48e8-f7c1-77d8e9f0a1b2,53000,ON_SALE
제주 해맑은 감귤,"제주에서 자란 신선한 감귤로, 상큼한 맛이 일품입니다.",d34d5e6f-7a8b-48e8-f7c1-77d8e9f0a1b2,27800,ON_SALE
고당도 레드향,"특별히 선정된 레드향으로, 진한 풍미가 매력적입니다.",d34d5e6f-7a8b-48e8-f7c1-77d8e9f0a1b2,32000,ON_SALE
산지 직송 천혜향,"천혜향의 특·상급 품질로, 입안 가득 퍼지는 달콤함을 느껴보세요.",d34d5e6f-7a8b-48e8-f7c1-77d8e9f0a1b2,36000,ON_SALE
상큼한 완도 키위,"완도에서 자란 신선한 키위로, 아삭한 식감이 돋보입니다.",d34d5e6f-7a8b-48e8-f7c1-77d8e9f0a1b2,21000,ON_SALE
상큼한 청도 자두,과일류 자두에 대한 상세 설명입니다.,7d4b5c6d-7e8f-4c8c-d7a1-77b8c9d0e1f2,23500,ON_SALE
특급 밀양 복숭아,풍미 가득한 밀양 복숭아입니다.,d34d5e6f-7a8b-48e8-f7c1-77d8e9f0a1b2,27500,ON_SALE
햇출하 아삭한 청도 사과,신선한 청도 사과에 대한 상세 설명입니다.,e45e6f7a-8b9c-49f9-a8d2-88e9f0a1b2c3,35000,ON_SALE
달달한 제주 감귤 엄선,제주에서 자란 감귤에 대한 상세 설명입니다.,d34d5e6f-7a8b-48e8-f7c1-77d8e9f0a1b2,42000,ON_SALE
산지 선별 영주 배,신선한 영주 배에 대한 상세 설명입니다.,e45e6f7a-8b9c-49f9-a8d2-88e9f0a1b2c3,39000,ON_SALE
특·상급 제주 감자,제주산 특·상급 감자로 부드럽고 고소한 맛을 자랑합니다.,390d1e2f-3a4b-4e4e-f3c7-33d4e5f6a7b8,24500,ON_SALE
엄선된 해남 배추,신선하게 엄선된 해남산 배추로 아삭한 식감을 제공합니다.,e45e6f7a-8b9c-49f9-a8d2-88e9f0a1b2c3,17900,ON_SALE
쫀득한 밀양 당근,밀양에서 자란 쫀득한 식감의 당근으로 신선함을 더합니다.,390d1e2f-3a4b-4e4e-f3c7-33d4e5f6a7b8,21500,ON_SALE
산지 선별 노지 배추,"노지에서 자란 신선한 배추로, 산지에서 직접 선별한 품질입니다.",e45e6f7a-8b9c-49f9-a8d2-88e9f0a1b2c3,15000,ON_SALE
완도 쫀득한 미나리,완도에서 자란 신선하고 쫀득한 식감의 미나리입니다.,067a8b9c-0d1e-4b1b-c0f4-00a1b2c3d4e5,18000,ON_SALE
제주산 고당도 청귤,상큼한 맛과 뛰어난 식감을 자랑하는 제주산 청귤입니다.,d34d5e6f-7a8b-48e8-f7c1-77d8e9f0a1b2,23800,ON_SALE
특·상급 레드향 감귤,달콤한 풍미가 가득한 특·상급 레드향 감귤입니다.,d34d5e6f-7a8b-48e8-f7c1-77d8e9f0a1b2,28900,ON_SALE
전라도산 엄선된 배,부드럽고 달콤한 맛의 전라도산 배입니다.,e45e6f7a-8b9c-49f9-a8d2-88e9f0a1b2c3,22500,ON_SALE
해남산 엄선한 아삭한 배추,신선한 해남산 배추에 대한 상세 설명입니다.,e45e6f7a-8b9c-49f9-a8d2-88e9f0a1b2c3,15000,ON_SALE
특·상급 밀양의 고소한 쪽파,신선한 밀양 쪽파에 대한 상세 설명입니다.,7d4b5c6d-7e8f-4c8c-d7a1-77b8c9d0e1f2,12000,ON_SALE
청도산 달달한 쑥갓,신선한 청도 쑥갓에 대한 상세 설명입니다.,067a8b9c-0d1e-4b1b-c0f4-00a1b2c3d4e5,8000,ON_SALE
제주 햇출하의 향긋한 당근,신선한 제주산 당근에 대한 상세 설명입니다.,390d1e2f-3a4b-4e4e-f3c7-33d4e5f6a7b8,9000,ON_SALE
상급 품질의 아삭한 오이,신선한 오이에 대한 상세 설명입니다.,7d4b5c6d-7e8f-4c8c-d7a1-77b8c9d0e1f2,7000,ON_SALE
고당도 청도 대파,신선하고 아삭한 식감의 청도 대파입니다.,067a8b9c-0d1e-4b1b-c0f4-00a1b2c3d4e5,12000,ON_SALE
신선한 완도 미역,바다의 풍미를 가득 담은 신선한 완도 미역입니다.,067a8b9c-0d1e-4b1b-c0f4-00a1b2c3d4e5,15000,ON_SALE
특·상급 영주 감자,"영주 지역에서 자란 특·상급 감자로, 부드러운 식감이 특징입니다.",390d1e2f-3a4b-4e4e-f3c7-33d4e5f6a7b8,11000,ON_SALE
제주 한라봉 특·상급,달달한 맛과 아삭한 식감이 매력적인 한라봉입니다.,d34d5e6f-7a8b-48e8-f7c1-77d8e9f0a1b2,19800,ON_SALE
밀양 복숭아 엄선,부드럽고 진한 풍미가 가득한 밀양 복숭아입니다.,d34d5e6f-7a8b-48e8-f7c1-77d8e9f0a1b2,25900,ON_SALE
해남 수박 좋은 크기 위주,수분 가득한 해남 수박으로 여름을 시원하게 즐기세요.,d34d5e6f-7a8b-48e8-f7c1-77d8e9f0a1b2,29900,ON_SALE
청도 비파 쫀득한 식감,특별한 맛과 향이 있는 청도 비파입니다.,d34d5e6f-7a8b-48e8-f7c1-77d8e9f0a1b2,22000,ON_SALE
완도산 신선한 감귤,햇출하로 더욱 달콤한 완도 감귤입니다.,d34d5e6f-7a8b-48e8-f7c1-77d8e9f0a1b2,9500,ON_SALE
영주 자생 블루베리,"자연에서 자란 신선한 블루베리, 진한 풍미가 일품입니다.",7d4b5c6d-7e8f-4c8c-d7a1-77b8c9d0e1f2,11500,ON_SALE
고창산 특·상급 복숭아,"부드럽고 달콤한 고창 복숭아, 엄선하여 준비했습니다.",d34d5e6f-7a8b-48e8-f7c1-77d8e9f0a1b2,14000,ON_SALE
영주산 아삭한 사과,아삭한 식감과 상큼한 맛이 조화를 이루는 영주산 사과입니다.,e45e6f7a-8b9c-49f9-a8d2-88e9f0a1b2c3,24900,ON_SALE
햇출하로 신선한 천혜향,달콤한 향과 부드러운 식감이 매력적인 천혜향입니다.,d34d5e6f-7a8b-48e8-f7c1-77d8e9f0a1b2,32900,ON_SALE
특·상급 보성산 유자,신선한 유자의 풍미를 느낄 수 있는 보성산 유자입니다.,d34d5e6f-7a8b-48e8-f7c1-77d8e9f0a1b2,25900,ON_SALE
프리미엄 완도 전복,신선한 해산물 전복에 대한 상세 설명입니다.,7d4b5c6d-7e8f-4c8c-d7a1-77b8c9d0e1f2,25900,ON_SALE
고창 산지 선별 특·상급 쌀,고품질 쌀에 대한 상세 설명입니다.,4a1e2f3a-4b5c-4f5f-a4d8-44e5f6a7b8c9,19800,ON_SALE
햇출하 아삭한 청도 수박,여름철 제철 과일 수박에 대한 상세 설명입니다.,d34d5e6f-7a8b-48e8-f7c1-77d8e9f0a1b2,11500,ON_SALE
쫀득한 태안 김,신선한 해조류 김에 대한 상세 설명입니다.,7d4b5c6d-7e8f-4c8c-d7a1-77b8c9d0e1f2,7500,ON_SALE
해남산 특·상급 아삭한 청경채,신선한 해남에서 자란 아삭한 청경채입니다.,067a8b9c-0d1e-4b1b-c0f4-00a1b2c3d4e5,15800,ON_SALE
영주산 엄선된 진한 풍미의 고구마,영주에서 자생한 고구마로 진한 풍미가 특징입니다.,390d1e2f-3a4b-4e4e-f3c7-33d4e5f6a7b8,19900,ON_SALE
밀양의 햇출하 고당도 쫀득한 감자,햇출하로 신선한 밀양산 감자로 고당도가 돋보입니다.,390d1e2f-3a4b-4e4e-f3c7-33d4e5f6a7b8,12900,ON_SALE
제주산 아삭한 특·상급 브로콜리,제주에서 자란 아삭한 브로콜리로 품질이 우수합니다.,067a8b9c-0d1e-4b1b-c0f4-00a1b2c3d4e5,17500,ON_SALE
태안산 산지 선별 달달한 당근,태안에서 선별한 달달한 당근으로 신선함이 가득합니다.,390d1e2f-3a4b-4e4e-f3c7-33d4e5f6a7b8,9800,ON_SALE
특·상급 영주 배추,영주에서 자란 특·상급 배추로 신선함을 자랑합니다.,e45e6f7a-8b9c-49f9-a8d2-88e9f0a1b2c3,19800,ON_SALE
엄선된 해남 시금치,해남에서 엄선한 신선한 시금치입니다.,067a8b9c-0d1e-4b1b-c0f4-00a1b2c3d4e5,17500,ON_SALE
제주 햇감귤 산지 선별,"신선한 제주 햇감귤로, 상큼한 맛이 특징입니다.",d34d5e6f-7a8b-48e8-f7c1-77d8e9f0a1b2,32000,ON_SALE
성주 아삭한 사과 특·상급,아삭한 식감과 달콤함이 가득한 특·상급 성주 사과입니다.,e45e6f7a-8b9c-49f9-a8d2-88e9f0a1b2c3,27000,ON_SALE
달달한 레드향 노지재배,신선한 노지에서 자란 달달한 레드향입니다.,d34d5e6f-7a8b-48e8-f7c1-77d8e9f0a1b2,38000,ON_SALE
밀양 쫀득한 복숭아 산지 직송,쫀득한 식감과 향긋한 맛이 매력적인 밀양 복숭아입니다.,d34d5e6f-7a8b-48e8-f7c1-77d8e9f0a1b2,42000,ON_SALE
제주산 아삭한 청상추,신선하고 아삭한 식감의 제주산 청상추에 대한 상세 설명입니다.,067a8b9c-0d1e-4b1b-c0f4-00a1b2c3d4e5,21000,ON_SALE
햇출하로 신선한 홍고추,"신선한 홍고추로, 매운 맛이 강한 요리에 적합합니다.",067a8b9c-0d1e-4b1b-c0f4-00a1b2c3d4e5,12000,ON_SALE
논산 유기농 배추,"논산에서 재배된 유기농 배추로, 자연의 맛을 느낄 수 있습니다.",e45e6f7a-8b9c-49f9-a8d2-88e9f0a1b2c3,25000,ON_SALE
제주산 아삭한 청포도,신선한 제주 청포도의 상세 설명입니다.,d34d5e6f-7a8b-48e8-f7c1-77d8e9f0a1b2,19500,ON_SALE
특·상급 홍천 한우,육즙이 풍부한 홍천 한우에 대한 상세 설명입니다.,9f6d7e8f-9a0b-4e0e-f9c3-99d0e1f2a3b4,45000,ON_SALE
산지 선별 밀양 마늘,풍미가 뛰어난 밀양 마늘의 상세 설명입니다.,7d4b5c6d-7e8f-4c8c-d7a1-77b8c9d0e1f2,12000,ON_SALE
고당도 완도 전복,신선한 완도 전복의 상세 설명입니다.,7d4b5c6d-7e8f-4c8c-d7a1-77b8c9d0e1f2,32000,ON_SALE
쫀득한 고창 생물 새우,신선한 고창 새우의 상세 설명입니다.,7d4b5c6d-7e8f-4c8c-d7a1-77b8c9d0e1f2,26000,ON_SALE
엄선된 고당도 한라봉,제주에서 자란 고당도의 한라봉에 대한 상세 설명입니다.,d34d5e6f-7a8b-48e8-f7c1-77d8e9f0a1b2,29900,ON_SALE
특급 쫀득한 흑미,고품질의 쫀득한 흑미에 대한 상세 설명입니다.,4a1e2f3a-4b5c-4f5f-a4d8-44e5f6a7b8c9,19900,ON_SALE
산지 선별 신선한 바다장어,신선한 바다장어에 대한 상세 설명입니다.,7d4b5c6d-7e8f-4c8c-d7a1-77b8c9d0e1f2,45900,ON_SALE
신선한 해남 배추,해남에서 자란 신선한 배추에 대한 상세 설명입니다.,e45e6f7a-8b9c-49f9-a8d2-88e9f0a1b2c3,14900,ON_SALE
특·상급 통영 멍게,특급 품질의 통영 멍게에 대한 상세 설명입니다.,7d4b5c6d-7e8f-4c8c-d7a1-77b8c9d0e1f2,38900,ON_SALE
제주산 엄선된 흑한우,고기류 흑한우에 대한 상세 설명입니다.,9f6d7e8f-9a0b-4e0e-f9c3-99d0e1f2a3b4,150000,ON_SALE
고창 지역 특·상급 전복,수산물 전복에 대한 상세 설명입니다.,7d4b5c6d-7e8f-4c8c-d7a1-77b8c9d0e1f2,75000,ON_SALE
밀양에서 자란 쫀득한 메론,과일류 메론에 대한 상세 설명입니다.,7d4b5c6d-7e8f-4c8c-d7a1-77b8c9d0e1f2,22000,ON_SALE
완도 해조류 자연산 다시마,수산물 다시마에 대한 상세 설명입니다.,7d4b5c6d-7e8f-4c8c-d7a1-77b8c9d0e1f2,12000,ON_SALE
논산에서 재배한 아삭한 청경채,채소류 청경채에 대한 상세 설명입니다.,d34d5e6f-7a8b-48e8-f7c1-77d8e9f0a1b2,15000,ON_SALE
제주산 엄선한 쫀득한 흑돼지,신선한 제주산 흑돼지에 대한 상세 설명입니다.,9f6d7e8f-9a0b-4e0e-f9c3-99d0e1f2a3b4,53000,ON_SALE
고창 하우스에서 재배한 아삭한 청경채,식감이 뛰어난 청경채에 대한 상세 설명입니다.,d34d5e6f-7a8b-48e8-f7c1-77d8e9f0a1b2,12000,ON_SALE
햇출하로 신선한 달달한 방울토마토,제철 방울토마토의 맛과 향에 대한 상세 설명입니다.,7d4b5c6d-7e8f-4c8c-d7a1-77b8c9d0e1f2,15000,ON_SALE
밀양산 선별된 특·상급 고구마,프리미엄 품질의 고구마에 대한 상세 설명입니다.,390d1e2f-3a4b-4e4e-f3c7-33d4e5f6a7b8,25000,ON_SALE
완도 해산물로 만든 신선한 전복,신선한 전복의 품질에 대한 상세 설명입니다.,7d4b5c6d-7e8f-4c8c-d7a1-77b8c9d0e1f2,45000,ON_SALE
제주 햇출하 특·상급 가지,신선한 가지에 대한 상세 설명입니다.,7d4b5c6d-7e8f-4c8c-d7a1-77b8c9d0e1f2,19800,ON_SALE
밀양 산지 선별 쫀득한 고구마,자연 그대로의 고구마에 대한 상세 설명입니다.,390d1e2f-3a4b-4e4e-f3c7-33d4e5f6a7b8,12000,ON_SALE
태안 지역 엄선된 신선한 무,신선한 무에 대한 상세 설명입니다.,390d1e2f-3a4b-4e4e-f3c7-33d4e5f6a7b8,8500,ON_SALE
영주산 고당도 파프리카,달콤한 파프리카에 대한 상세 설명입니다.,067a8b9c-0d1e-4b1b-c0f4-00a1b2c3d4e5,23500,ON_SALE
청도 아삭한 배추,"신선하고 아삭한 식감의 배추로, 김장철에 특히 인기가 많습니다.",e45e6f7a-8b9c-49f9-a8d2-88e9f0a1b2c3,12000,ON_SALE
제주 노지 상추,"제주에서 자란 신선한 상추로, 아삭한 식감과 달콤한 맛이 특징입니다.",067a8b9c-0d1e-4b1b-c0f4-00a1b2c3d4e5,8000,ON_SALE
밀양 쫀득한 고구마,"밀양에서 자란 쫀득한 식감의 고구마로, 달콤한 맛이 일품입니다.",390d1e2f-3a4b-4e4e-f3c7-33d4e5f6a7b8,15000,ON_SALE
해남 엄선한 청경채,"해남에서 엄선한 청경채로, 신선하고 아삭한 맛이 매력적입니다.",067a8b9c-0d1e-4b1b-c0f4-00a1b2c3d4e5,11000,ON_SALE
제주 청귤 특·상급,상큼한 맛이 일품인 제주 청귤을 특·상급으로 선별하였습니다.,d34d5e6f-7a8b-48e8-f7c1-77d8e9f0a1b2,12000,ON_SALE
달달한 영주 복숭아,"영주에서 자란 신선한 복숭아로, 달콤하고 부드러운 식감을 자랑합니다.",d34d5e6f-7a8b-48e8-f7c1-77d8e9f0a1b2,18000,ON_SALE
햇출하한 성주 배,"성주에서 햇출하된 신선한 배로, 풍부한 과즙을 제공합니다.",e45e6f7a-8b9c-49f9-a8d2-88e9f0a1b2c3,13500,ON_SALE
햇출하 고창 배추,"고창에서 자란 신선한 배추로, 아삭한 식감이 일품입니다.",e45e6f7a-8b9c-49f9-a8d2-88e9f0a1b2c3,10200,ON_SALE
특·상급 성주 참외,성주에서 선별된 달달한 맛의 참외입니다.,d34d5e6f-7a8b-48e8-f7c1-77d8e9f0a1b2,15000,ON_SALE
고당도 해남 무,"해남에서 자란 고당도 무로, 다양한 요리에 활용할 수 있습니다.",390d1e2f-3a4b-4e4e-f3c7-33d4e5f6a7b8,6200,ON_SALE
엄선된 밀양 대파,"밀양에서 엄선한 대파로, 풍미가 가득한 신선한 제품입니다.",067a8b9c-0d1e-4b1b-c0f4-00a1b2c3d4e5,5400,ON_SALE
제주산 엄선된 참돔,신선한 제주 바다에서 잡은 고급 참돔입니다.,7d4b5c6d-7e8f-4c8c-d7a1-77b8c9d0e1f2,59900,ON_SALE
고창산 특·상급 대파,신선하고 아삭한 맛이 일품인 고창 대파입니다.,067a8b9c-0d1e-4b1b-c0f4-00a1b2c3d4e5,12000,ON_SALE
완도산 쫀득한 해삼,"완도에서 직접 잡은 신선한 해삼으로, 쫄깃한 식감이 매력입니다.",7d4b5c6d-7e8f-4c8c-d7a1-77b8c9d0e1f2,45000,ON_SALE
횡성산 산지 선별 한우,"엄선된 품질의 횡성 한우로, 진한 풍미가 특징입니다.",9f6d7e8f-9a0b-4e0e-f9c3-99d0e1f2a3b4,120000,ON_SALE
완도산 자연산 굴,신선한 바다의 향이 가득한 완도산 자연산 굴입니다.,7d4b5c6d-7e8f-4c8c-d7a1-77b8c9d0e1f2,60000,ON_SALE
"밀양 사과, 진한 풍미",풍부한 맛과 향이 일품인 밀양 사과입니다.,e45e6f7a-8b9c-49f9-a8d2-88e9f0a1b2c3,42000,ON_SALE
프리미엄 해남 무,"해남에서 자란 특·상급 무로, 풍부한 맛을 자랑합니다.",390d1e2f-3a4b-4e4e-f3c7-33d4e5f6a7b8,4500,ON_SALE
고당도 미니 단호박,"달달한 맛이 뛰어난 미니 단호박으로, 엄선된 제품입니다.",7d4b5c6d-7e8f-4c8c-d7a1-77b8c9d0e1f2,12300,ON_SALE
쫀득한 횡성 당근,횡성 지역에서 자란 쫀득한 식감의 당근입니다.,390d1e2f-3a4b-4e4e-f3c7-33d4e5f6a7b8,6700,ON_SALE
완도 산지 선별 아삭한 청경채,신선한 청경채로 아삭한 식감이 일품인 상품입니다.,067a8b9c-0d1e-4b1b-c0f4-00a1b2c3d4e5,24900,ON_SALE
특·상급 고창 새싹채소,고창에서 자란 엄선된 새싹채소로 영양 가득한 상품입니다.,067a8b9c-0d1e-4b1b-c0f4-00a1b2c3d4e5,19900,ON_SALE
햇출하로 신선한 밀양 시금치,햇출하로 더욱 신선한 밀양 시금치입니다.,067a8b9c-0d1e-4b1b-c0f4-00a1b2c3d4e5,17900,ON_SALE
고당도 해남 당근,해남에서 자란 고당도의 당근으로 달콤한 맛이 특징입니다.,390d1e2f-3a4b-4e4e-f3c7-33d4e5f6a7b8,21900,ON_SALE
엄선된 태안 쪽파,태안에서 선별한 신선한 쪽파로 향이 가득합니다.,7d4b5c6d-7e8f-4c8c-d7a1-77b8c9d0e1f2,15900,ON_SALE
달달한 밀양 딸기,밀양에서 자란 달달한 딸기에 대한 상세 설명입니다.,7d4b5c6d-7e8f-4c8c-d7a1-77b8c9d0e1f2,18000,ON_SALE
햇출하 완도 감귤,완도에서 햇출하된 신선한 감귤의 상세 설명입니다.,d34d5e6f-7a8b-48e8-f7c1-77d8e9f0a1b2,22000,ON_SALE
청도에서 자란 아삭한 복숭아,신선한 청도 복숭아에 대한 상세 설명입니다.,d34d5e6f-7a8b-48e8-f7c1-77d8e9f0a1b2,17800,ON_SALE
햇출하 고품질 감귤,상큼한 맛이 일품인 감귤에 대한 상세 설명입니다.,d34d5e6f-7a8b-48e8-f7c1-77d8e9f0a1b2,15000,ON_SALE
신선한 논산 딸기 특·상급,달달한 딸기에 대한 상세 설명입니다.,7d4b5c6d-7e8f-4c8c-d7a1-77b8c9d0e1f2,23000,ON_SALE
밀양의 쫀득한 배,과즙이 풍부한 밀양 배에 대한 상세 설명입니다.,e45e6f7a-8b9c-49f9-a8d2-88e9f0a1b2c3,19500,ON_SALE
밀양 특·상급 캠벨얼리,밀양에서 자란 특·상급 캠벨얼리로 풍부한 맛을 즐기세요.,7d4b5c6d-7e8f-4c8c-d7a1-77b8c9d0e1f2,35450,ON_SALE
해남 쫀득한 고구마,해남의 쫀득한 고구마로 건강한 간식을 만나보세요.,390d1e2f-3a4b-4e4e-f3c7-33d4e5f6a7b8,24500,ON_SALE
특·상급 영주 고추,신선하고 매콤한 맛의 영주 고추입니다.,067a8b9c-0d1e-4b1b-c0f4-00a1b2c3d4e5,12985,ON_SALE
신선한 밀양 한우,육즙이 풍부한 밀양 한우입니다.,9f6d7e8f-9a0b-4e0e-f9c3-99d0e1f2a3b4,109000,ON_SALE
제주산 엄선한 쫀득한 고구마,제주에서 자란 고구마의 쫀득한 식감과 달달함을 느껴보세요.,390d1e2f-3a4b-4e4e-f3c7-33d4e5f6a7b8,12000,ON_SALE
영주 특·상급 고당도 배,"영주에서 선별된 특·상급 배로, 달콤한 맛이 일품입니다.",e45e6f7a-8b9c-49f9-a8d2-88e9f0a1b2c3,15000,ON_SALE
해남산 신선한 아삭한 무,"해남에서 자란 아삭한 식감의 무로, 샐러드에 제격입니다.",390d1e2f-3a4b-4e4e-f3c7-33d4e5f6a7b8,8000,ON_SALE
완도산 자연산 바지락,"완도에서 잡은 신선한 바지락으로, 해물탕에 제격입니다.",178b9c0d-1e2f-4c2c-d1a5-11b2c3d4e5f6,18000,ON_SALE
밀양의 싱싱한 참외,"밀양에서 자란 참외로, 여름의 달콤함을 담고 있습니다.",d34d5e6f-7a8b-48e8-f7c1-77d8e9f0a1b2,11000,ON_SALE
제주 햇귤,햇출하로 신선한 제주 귤의 상큼한 맛을 즐기세요.,d34d5e6f-7a8b-48e8-f7c1-77d8e9f0a1b2,15000,ON_SALE
산지 선별 아삭한 청도 배,신선한 청도에서 자란 아삭한 배에 대한 상세 설명입니다.,e45e6f7a-8b9c-49f9-a8d2-88e9f0a1b2c3,12900,ON_SALE
햇출하 신선한 밀양 쌀,햇출하된 신선한 밀양 쌀에 대한 상세 설명입니다.,4a1e2f3a-4b5c-4f5f-a4d8-44e5f6a7b8c9,19900,ON_SALE
햇출하 완도 청각,신선한 완도 청각의 풍미와 식감을 담은 상품입니다.,7d4b5c6d-7e8f-4c8c-d7a1-77b8c9d0e1f2,12000,ON_SALE
강원도 엄선한 배추,강원도에서 자란 신선한 배추의 특·상급 품질에 대한 설명입니다.,e45e6f7a-8b9c-49f9-a8d2-88e9f0a1b2c3,15000,ON_SALE
밀양 쫀득한 팽이버섯,밀양에서 자란 쫀득한 식감의 팽이버섯에 대한 상세 설명입니다.,067a8b9c-0d1e-4b1b-c0f4-00a1b2c3d4e5,7000,ON_SALE
햇출하 고당도 영주 고구마,신선하고 달달한 맛의 영주 고구마에 대한 상세 설명입니다.,390d1e2f-3a4b-4e4e-f3c7-33d4e5f6a7b8,19800,ON_SALE
엄선된 제주 청상추,아삭하고 신선한 제주 청상추에 대한 상세 설명입니다.,067a8b9c-0d1e-4b1b-c0f4-00a1b2c3d4e5,15600,ON_SALE
특·상급 성주 미나리,특별히 선별된 성주 미나리에 대한 상세 설명입니다.,067a8b9c-0d1e-4b1b-c0f4-00a1b2c3d4e5,22000,ON_SALE
아삭한 논산 무,신선한 아삭함이 돋보이는 논산 무에 대한 상세 설명입니다.,390d1e2f-3a4b-4e4e-f3c7-33d4e5f6a7b8,14500,ON_SALE
전남 영광의 맛있는 자두,"달콤하고 쫄깃한 식감의 자두로, 자연에서 자생한 제품입니다.",7d4b5c6d-7e8f-4c8c-d7a1-77b8c9d0e1f2,18900,ON_SALE
신선한 한라봉 산지 직송,"달달하고 향긋한 한라봉으로, 엄선된 과일만을 제공합니다.",d34d5e6f-7a8b-48e8-f7c1-77d8e9f0a1b2,25400,ON_SALE
프리미엄 밀양 사과,"특·상급으로 선별된 밀양 사과로, 자연의 달콤함을 느껴보세요.",e45e6f7a-8b9c-49f9-a8d2-88e9f0a1b2c3,21500,ON_SALE
산지 선별 고소한 밀양 참외,"밀양에서 자란 고소한 참외로, 아삭한 식감이 일품입니다.",d34d5e6f-7a8b-48e8-f7c1-77d8e9f0a1b2,8000,ON_SALE
당도 높은 영주 사과,"영주에서 자란 당도 높은 사과로, 달콤한 맛이 특징입니다.",e45e6f7a-8b9c-49f9-a8d2-88e9f0a1b2c3,11000,ON_SALE
아삭한 청도 신선한 오이,채소류 오이에 대한 상세 설명입니다.,7d4b5c6d-7e8f-4c8c-d7a1-77b8c9d0e1f2,23800,ON_SALE
엄선된 고창 특·상급 배추,채소류 배추에 대한 상세 설명입니다.,e45e6f7a-8b9c-49f9-a8d2-88e9f0a1b2c3,27450,ON_SALE
고당도 완도 바다갯벌 미나리,채소류 미나리에 대한 상세 설명입니다.,067a8b9c-0d1e-4b1b-c0f4-00a1b2c3d4e5,19600,ON_SALE
신선한 강원도 산지 선별 당근,채소류 당근에 대한 상세 설명입니다.,390d1e2f-3a4b-4e4e-f3c7-33d4e5f6a7b8,22000,ON_SALE
햇출하로 달달한 성주 고구마,채소류 고구마에 대한 상세 설명입니다.,390d1e2f-3a4b-4e4e-f3c7-33d4e5f6a7b8,31000,ON_SALE
제주 고당도 감귤,"신선한 제주산 고당도 감귤로, 상큼한 맛이 일품입니다.",d34d5e6f-7a8b-48e8-f7c1-77d8e9f0a1b2,15000,ON_SALE
달달한 천혜향,"맛있게 익은 천혜향으로, 풍부한 과즙과 달콤함이 특징입니다.",d34d5e6f-7a8b-48e8-f7c1-77d8e9f0a1b2,18000,ON_SALE
산지 선별 레드향,"정성껏 선별한 레드향, 깊은 맛과 향이 매력적입니다.",d34d5e6f-7a8b-48e8-f7c1-77d8e9f0a1b2,22000,ON_SALE
완도 특·상급 바나나,"완도에서 자란 특·상급 바나나, 부드럽고 쫀득한 식감이 특징입니다.",d34d5e6f-7a8b-48e8-f7c1-77d8e9f0a1b2,12000,ON_SALE
청도 아삭한 고구마,신선한 청도 고구마의 아삭한 식감과 달달한 맛을 자랑합니다.,390d1e2f-3a4b-4e4e-f3c7-33d4e5f6a7b8,12000,ON_SALE
완도 특·상급 문어,"신선하고 쫄깃한 식감의 완도 문어로, 특급 품질을 자랑합니다.",7d4b5c6d-7e8f-4c8c-d7a1-77b8c9d0e1f2,23500,ON_SALE
제주산 엄선한 흑임자,"프리미엄 제주산 흑임자로, 고소한 맛과 풍부한 영양을 제공합니다.",7d4b5c6d-7e8f-4c8c-d7a1-77b8c9d0e1f2,15000,ON_SALE
논산 고당도 부추,"논산에서 자란 고당도 부추로, 특별한 맛을 느낄 수 있습니다.",7d4b5c6d-7e8f-4c8c-d7a1-77b8c9d0e1f2,9800,ON_SALE
횡성 자생 버섯,"횡성에서 자생한 버섯으로, 깊고 진한 풍미가 특징입니다.",067a8b9c-0d1e-4b1b-c0f4-00a1b2c3d4e5,14500,ON_SALE
제주산 엄선한 신선한 전복,신선한 제주산 전복에 대한 상세 설명입니다.,7d4b5c6d-7e8f-4c8c-d7a1-77b8c9d0e1f2,59900,ON_SALE
고창의 믿을 수 있는 특·상급 무,고창산 무에 대한 상세 설명입니다.,390d1e2f-3a4b-4e4e-f3c7-33d4e5f6a7b8,18000,ON_SALE
완도에서 직송한 신선한 멍게,신선한 멍게에 대한 상세 설명입니다.,7d4b5c6d-7e8f-4c8c-d7a1-77b8c9d0e1f2,32000,ON_SALE
영주에서 자란 아삭한 배추,신선한 배추에 대한 상세 설명입니다.,e45e6f7a-8b9c-49f9-a8d2-88e9f0a1b2c3,15000,ON_SALE
태안에서 자생한 특·상급 미역,자생 미역에 대한 상세 설명입니다.,067a8b9c-0d1e-4b1b-c0f4-00a1b2c3d4e5,22000,ON_SALE
고창 엄선 아삭한 청경채,신선한 청경채에 대한 상세 설명입니다.,067a8b9c-0d1e-4b1b-c0f4-00a1b2c3d4e5,18900,ON_SALE
해남 특·상급 부추,향긋한 부추에 대한 상세 설명입니다.,7d4b5c6d-7e8f-4c8c-d7a1-77b8c9d0e1f2,24500,ON_SALE
영주 햇출하 달달한 땅콩,고소한 땅콩에 대한 상세 설명입니다.,6c3a4b5c-6d7e-4b7b-c6f0-66a7b8c9d0e1,21000,ON_SALE
밀양 신선한 쫀득한 고구마,자연 그대로의 고구마에 대한 상세 설명입니다.,390d1e2f-3a4b-4e4e-f3c7-33d4e5f6a7b8,19800,ON_SALE
청도 산지 선별 신선한 양파,좋은 크기 위주의 양파에 대한 상세 설명입니다.,067a8b9c-0d1e-4b1b-c0f4-00a1b2c3d4e5,17500,ON_SALE
고창에서 자란 진한 풍미의 사과,고창 지역에서 자란 사과의 진한 맛을 경험해보세요.,e45e6f7a-8b9c-49f9-a8d2-88e9f0a1b2c3,17000,ON_SALE
정성으로 키운 아삭한 청도 복숭아,청도에서 자란 달콤하고 아삭한 복숭아입니다.,d34d5e6f-7a8b-48e8-f7c1-77d8e9f0a1b2,15000,ON_SALE
햇출하 특·상급 샤인머스캣,신선한 햇출하로 진한 풍미가 특징인 샤인머스캣입니다.,d34d5e6f-7a8b-48e8-f7c1-77d8e9f0a1b2,24000,ON_SALE
산지 선별 엄선된 해남 고구마,달달하고 쫀득한 식감의 해남산 고구마입니다.,390d1e2f-3a4b-4e4e-f3c7-33d4e5f6a7b8,18000,ON_SALE
밀양산 달달한 체리,신선하고 달콤한 밀양산 체리로 여름의 맛을 느껴보세요.,d34d5e6f-7a8b-48e8-f7c1-77d8e9f0a1b2,22000,ON_SALE
햇출하 고당도 홍시,"달콤한 맛이 일품인 홍시로, 햇볕을 받아 자연스럽게 익혀진 제품입니다.",e45e6f7a-8b9c-49f9-a8d2-88e9f0a1b2c3,23985,ON_SALE
아삭한 청도 미니배,청도 지역에서 자란 미니배로 아삭한 식감과 상큼한 맛이 매력적인 상품입니다.,d34d5e6f-7a8b-48e8-f7c1-77d8e9f0a1b2,18985,ON_SALE
산지 선별 특급 한우,엄선된 사육 방식으로 키운 한우로 풍부한 맛과 육즙이 살아있는 고기입니다.,9f6d7e8f-9a0b-4e0e-f9c3-99d0e1f2a3b4,83985,ON_SALE
제주 자연산 갈치,"제주 바다에서 잡은 신선한 갈치로, 담백한 맛과 부드러운 식감이 특징입니다.",7d4b5c6d-7e8f-4c8c-d7a1-77b8c9d0e1f2,29985,ON_SALE
해남산 특·상급 아삭한 무,신선한 해남 무에 대한 상세 설명입니다.,390d1e2f-3a4b-4e4e-f3c7-33d4e5f6a7b8,15000,ON_SALE
산지 선별로 골라낸 쫀득한 고구마,품질 좋은 고구마에 대한 상세 설명입니다.,390d1e2f-3a4b-4e4e-f3c7-33d4e5f6a7b8,8900,ON_SALE
밀양 햇출하 고당도 토마토,달콤한 밀양 토마토에 대한 상세 설명입니다.,7d4b5c6d-7e8f-4c8c-d7a1-77b8c9d0e1f2,12000,ON_SALE
청도산 엄선된 새싹채소,신선한 청도 새싹채소에 대한 상세 설명입니다.,067a8b9c-0d1e-4b1b-c0f4-00a1b2c3d4e5,7800,ON_SALE
제주산 진한 풍미의 파프리카,맛있는 제주 파프리카에 대한 상세 설명입니다.,067a8b9c-0d1e-4b1b-c0f4-00a1b2c3d4e5,10500,ON_SALE
달콤한 샤인머스캣 엄선,프리미엄 샤인머스캣의 진한 풍미를 경험해보세요.,d34d5e6f-7a8b-48e8-f7c1-77d8e9f0a1b2,42000,ON_SALE
제주 햇귤 산지 선별,상큼한 제주 햇귤로 신선함을 더하세요.,d34d5e6f-7a8b-48e8-f7c1-77d8e9f0a1b2,38000,ON_SALE
제주 햇수확 아삭한 청경채,신선한 제주산 청경채로 아삭한 식감을 자랑합니다.,067a8b9c-0d1e-4b1b-c0f4-00a1b2c3d4e5,15800,ON_SALE
영주 특·상급 고구마,영주에서 자란 달달한 고구마로 품질이 뛰어납니다.,390d1e2f-3a4b-4e4e-f3c7-33d4e5f6a7b8,23450,ON_SALE
완도 노지 자란 싱싱한 쑥갓,완도에서 자생한 싱싱한 쑥갓으로 건강한 맛을 느껴보세요.,067a8b9c-0d1e-4b1b-c0f4-00a1b2c3d4e5,12000,ON_SALE
고창 쫀득한 방울토마토,고창에서 키운 쫀득한 방울토마토로 풍부한 맛이 일품입니다.,7d4b5c6d-7e8f-4c8c-d7a1-77b8c9d0e1f2,18900,ON_SALE
해남 엄선된 특·상급 무,해남에서 선별된 특·상급 무로 깊은 풍미를 제공합니다.,390d1e2f-3a4b-4e4e-f3c7-33d4e5f6a7b8,14500,ON_SALE
밀양 쫀득한 배,부드럽고 쫀득한 밀양 배의 특징과 품질에 대한 상세 설명입니다.,e45e6f7a-8b9c-49f9-a8d2-88e9f0a1b2c3,21000,ON_SALE
해남산 고당도 감귤,"신선한 해남의 햇감귤로, 달콤함이 가득합니다.",d34d5e6f-7a8b-48e8-f7c1-77d8e9f0a1b2,15900,ON_SALE
아삭한 청도 복숭아 산지 선별,"신선하고 아삭한 청도 복숭아로, 최고의 맛을 자랑합니다.",d34d5e6f-7a8b-48e8-f7c1-77d8e9f0a1b2,22000,ON_SALE
특·상급 설향 딸기,"엄선된 설향 딸기로, 과즙이 풍부한 맛을 느껴보세요.",7d4b5c6d-7e8f-4c8c-d7a1-77b8c9d0e1f2,24500,ON_SALE
쫀득한 제주 감자,"제주에서 자란 신선한 감자로, 쫀득한 식감을 자랑합니다.",390d1e2f-3a4b-4e4e-f3c7-33d4e5f6a7b8,12900,ON_SALE
제주산 아삭한 청사과,신선한 제주산 청사과에 대한 상세 설명입니다.,e45e6f7a-8b9c-49f9-a8d2-88e9f0a1b2c3,12000,ON_SALE
완도에서 잡은 싱싱한 광어,자연산 광어에 대한 상세 설명입니다.,7d4b5c6d-7e8f-4c8c-d7a1-77b8c9d0e1f2,25000,ON_SALE
밀양 고당도 복숭아,달콤한 밀양 복숭아에 대한 상세 설명입니다.,d34d5e6f-7a8b-48e8-f7c1-77d8e9f0a1b2,15000,ON_SALE
횡성에서 자란 쫀득한 한우,신선한 횡성 한우에 대한 상세 설명입니다.,9f6d7e8f-9a0b-4e0e-f9c3-99d0e1f2a3b4,60000,ON_SALE
햇출하 노지의 쫀득한 고구마,신선한 햇고구마로 쫀득한 식감이 일품입니다.,390d1e2f-3a4b-4e4e-f3c7-33d4e5f6a7b8,18500,ON_SALE
제주산 특·상급 참돔,신선한 제주 참돔으로 부드러운 식감과 깊은 맛을 느껴보세요.,7d4b5c6d-7e8f-4c8c-d7a1-77b8c9d0e1f2,45000,ON_SALE
전라도산 엄선된 흑마늘,풍부한 영양과 깊은 풍미의 흑마늘입니다.,7d4b5c6d-7e8f-4c8c-d7a1-77b8c9d0e1f2,22000,ON_SALE
강원도 아삭한 배추,신선한 강원도 배추로 아삭한 식감이 매력입니다.,e45e6f7a-8b9c-49f9-a8d2-88e9f0a1b2c3,12000,ON_SALE
충청도 노지에서 자란 달달한 당근,자연에서 자란 달달한 당근으로 건강한 맛을 선사합니다.,390d1e2f-3a4b-4e4e-f3c7-33d4e5f6a7b8,9500,ON_SALE
고창산 엄선한 신선한 전복,수산물 전복에 대한 상세 설명입니다.,7d4b5c6d-7e8f-4c8c-d7a1-77b8c9d0e1f2,45200,ON_SALE
쫀득한 완도산 물회,수산물 물회에 대한 상세 설명입니다.,7d4b5c6d-7e8f-4c8c-d7a1-77b8c9d0e1f2,28940,ON_SALE
특·상급 청도산 밤,농산물 밤에 대한 상세 설명입니다.,7d4b5c6d-7e8f-4c8c-d7a1-77b8c9d0e1f2,19900,ON_SALE
프리미엄 영주산 표고버섯,농산물 표고버섯에 대한 상세 설명입니다.,067a8b9c-0d1e-4b1b-c0f4-00a1b2c3d4e5,17800,ON_SALE
달달한 태안산 새우,수산물 새우에 대한 상세 설명입니다.,7d4b5c6d-7e8f-4c8c-d7a1-77b8c9d0e1f2,36500,ON_SALE
아삭한 영주사과 특·상급,영주에서 직접 선별한 아삭한 사과의 상세 설명입니다.,e45e6f7a-8b9c-49f9-a8d2-88e9f0a1b2c3,12000,ON_SALE
햇출하 새콤한 청도 복숭아,청도에서 햇출하된 신선한 복숭아의 상세 설명입니다.,d34d5e6f-7a8b-48e8-f7c1-77d8e9f0a1b2,17000,ON_SALE
완도산 쫀득한 키위,완도에서 자란 쫀득한 키위의 상세 설명입니다.,d34d5e6f-7a8b-48e8-f7c1-77d8e9f0a1b2,9500,ON_SALE
달달한 천혜향 엄선,상큼한 맛이 일품인 천혜향의 상세 설명입니다.,d34d5e6f-7a8b-48e8-f7c1-77d8e9f0a1b2,21500,ON_SALE
아삭한 사과 품질 선별,신선하고 아삭한 식감의 사과에 대한 상세 설명입니다.,e45e6f7a-8b9c-49f9-a8d2-88e9f0a1b2c3,18500,ON_SALE
고당도 밀양 딸기,특별히 선별된 고당도의 밀양 딸기에 대한 상세 설명입니다.,7d4b5c6d-7e8f-4c8c-d7a1-77b8c9d0e1f2,24900,ON_SALE
제주 감귤 햇출하,신선한 제주 감귤의 달콤한 맛에 대한 상세 설명입니다.,d34d5e6f-7a8b-48e8-f7c1-77d8e9f0a1b2,22000,ON_SALE
쫀득한 레드향 특·상급,탱글탱글한 식감의 레드향에 대한 상세 설명입니다.,d34d5e6f-7a8b-48e8-f7c1-77d8e9f0a1b2,31000,ON_SALE
달콤한 샤인머스캣 산지 선별,신선한 샤인머스캣에 대한 상세 설명입니다.,d34d5e6f-7a8b-48e8-f7c1-77d8e9f0a1b2,12900,ON_SALE
고당도 청도 복숭아 특·상급,청도에서 자란 복숭아에 대한 상세 설명입니다.,d34d5e6f-7a8b-48e8-f7c1-77d8e9f0a1b2,9800,ON_SALE
아삭한 해남 수박 신선한 출하,해남에서 자란 수박에 대한 상세 설명입니다.,d34d5e6f-7a8b-48e8-f7c1-77d8e9f0a1b2,15000,ON_SALE
진한 풍미의 밀양 포도 엄선,밀양에서 수확한 포도에 대한 상세 설명입니다.,d34d5e6f-7a8b-48e8-f7c1-77d8e9f0a1b2,11500,ON_SALE
쫀득한 제주 감귤 햇출하,제주에서 자란 감귤에 대한 상세 설명입니다.,d34d5e6f-7a8b-48e8-f7c1-77d8e9f0a1b2,8500,ON_SALE
산지 직송 아삭한 사과,사과에 대한 상세 설명입니다.,e45e6f7a-8b9c-49f9-a8d2-88e9f0a1b2c3,18000,ON_SALE
햇출하 노지 딸기,노지에서 자란 신선한 딸기에 대한 상세 설명입니다.,7d4b5c6d-7e8f-4c8c-d7a1-77b8c9d0e1f2,27000,ON_SALE
고창산 고당도 사과,사과의 신선함과 달콤함을 느낄 수 있는 고창산 품질입니다.,e45e6f7a-8b9c-49f9-a8d2-88e9f0a1b2c3,15900,ON_SALE
엄선된 제주산 감귤,"제주의 햇살 아래 자란 달달한 감귤로, 신선함이 가득합니다.",d34d5e6f-7a8b-48e8-f7c1-77d8e9f0a1b2,22900,ON_SALE
밀양산 아삭한 배,"특별히 선별된 밀양의 아삭한 배로, 상큼한 맛이 일품입니다.",e45e6f7a-8b9c-49f9-a8d2-88e9f0a1b2c3,18900,ON_SALE
해남산 달달한 단감,"해남에서 자란 단감으로, 풍부한 당도가 매력적입니다.",e45e6f7a-8b9c-49f9-a8d2-88e9f0a1b2c3,24900,ON_SALE
고창산 엄선된 복숭아,과일류 복숭아에 대한 상세 설명입니다.,d34d5e6f-7a8b-48e8-f7c1-77d8e9f0a1b2,21500,ON_SALE
달달한 샤인머스캣,과일류 샤인머스캣에 대한 상세 설명입니다.,d34d5e6f-7a8b-48e8-f7c1-77d8e9f0a1b2,32000,ON_SALE
제주 노지 감귤,과일류 감귤에 대한 상세 설명입니다.,d34d5e6f-7a8b-48e8-f7c1-77d8e9f0a1b2,18000,ON_SALE
국산 레드향,과일류 레드향에 대한 상세 설명입니다.,d34d5e6f-7a8b-48e8-f7c1-77d8e9f0a1b2,27000,ON_SALE
밀양산 특·상급 배,과일류 배에 대한 상세 설명입니다.,e45e6f7a-8b9c-49f9-a8d2-88e9f0a1b2c3,29000,ON_SALE
아삭한 캠벨얼리 포도,"신선하고 아삭한 식감의 캠벨얼리 포도, 엄선된 품질입니다.",d34d5e6f-7a8b-48e8-f7c1-77d8e9f0a1b2,15000,ON_SALE
완도 직송 신선한 석류,"완도에서 직송된 신선한 석류, 풍부한 영양과 맛을 자랑합니다.",d34d5e6f-7a8b-48e8-f7c1-77d8e9f0a1b2,25000,ON_SALE
햇출하 조생종 딸기,"신선한 햇출하 조생종 딸기, 상큼한 맛이 일품입니다.",7d4b5c6d-7e8f-4c8c-d7a1-77b8c9d0e1f2,30000,ON_SALE
고창 특·상급 청경채,산지 선별로 엄선한 신선한 청경채입니다.,067a8b9c-0d1e-4b1b-c0f4-00a1b2c3d4e5,29000,ON_SALE
아삭한 성주 대파,식감이 뛰어난 성주 지역의 대파입니다.,067a8b9c-0d1e-4b1b-c0f4-00a1b2c3d4e5,35000,ON_SALE
햇출하 여주,신선한 여주로 자연의 맛을 느껴보세요.,7d4b5c6d-7e8f-4c8c-d7a1-77b8c9d0e1f2,22000,ON_SALE
쫀득한 밀양 무,밀양에서 자란 신선한 쫀득한 무입니다.,390d1e2f-3a4b-4e4e-f3c7-33d4e5f6a7b8,18000,ON_SALE
해남 고당도 브로콜리,해남의 햇볕을 받아 자란 고당도의 브로콜리입니다.,067a8b9c-0d1e-4b1b-c0f4-00a1b2c3d4e5,40000,ON_SALE
완도 특·상급 전복,완도의 깊은 바다에서 자란 신선한 전복입니다.,7d4b5c6d-7e8f-4c8c-d7a1-77b8c9d0e1f2,35000,ON_SALE
영주 농가 직송 유기농 토마토,영주에서 직접 수확한 유기농 토마토의 풍미를 즐기세요.,7d4b5c6d-7e8f-4c8c-d7a1-77b8c9d0e1f2,11000,ON_SALE
달달한 한라산 무,한라산에서 자란 특유의 맛을 지닌 무에 대한 상세 설명입니다.,390d1e2f-3a4b-4e4e-f3c7-33d4e5f6a7b8,3000,ON_SALE
산지 선별 쫀득한 전주 시금치,전주에서 자란 신선한 시금치에 대한 상세 설명입니다.,067a8b9c-0d1e-4b1b-c0f4-00a1b2c3d4e5,4500,ON_SALE
달달한 설향딸기 산지 선별,신선한 설향딸기에 대한 상세 설명입니다.,7d4b5c6d-7e8f-4c8c-d7a1-77b8c9d0e1f2,19800,ON_SALE
고당도 샤인머스캣 특·상급,상큼하고 달콤한 샤인머스캣에 대한 상세 설명입니다.,d34d5e6f-7a8b-48e8-f7c1-77d8e9f0a1b2,25800,ON_SALE
아삭한 청도 복숭아 엄선,맛과 향이 풍부한 청도 복숭아에 대한 상세 설명입니다.,d34d5e6f-7a8b-48e8-f7c1-77d8e9f0a1b2,22000,ON_SALE
쫀득한 밀양 참외 햇출하,신선한 참외에 대한 상세 설명입니다.,d34d5e6f-7a8b-48e8-f7c1-77d8e9f0a1b2,15000,ON_SALE
특·상급 제주 감귤 고급 선별,향긋하고 상큼한 제주 감귤에 대한 상세 설명입니다.,d34d5e6f-7a8b-48e8-f7c1-77d8e9f0a1b2,23000,ON_SALE
제주산 아삭한 무,신선한 제주산 무의 상세 설명입니다.,390d1e2f-3a4b-4e4e-f3c7-33d4e5f6a7b8,28900,ON_SALE
고창의 엄선된 쫀득한 당근,고창에서 자란 특·상급 당근에 대한 상세 설명입니다.,390d1e2f-3a4b-4e4e-f3c7-33d4e5f6a7b8,24500,ON_SALE
영주에서 자란 고당도 대파,맛과 향이 뛰어난 영주 대파에 대한 상세 설명입니다.,067a8b9c-0d1e-4b1b-c0f4-00a1b2c3d4e5,19800,ON_SALE
밀양의 신선한 방울토마토,달콤하고 신선한 방울토마토에 대한 상세 설명입니다.,7d4b5c6d-7e8f-4c8c-d7a1-77b8c9d0e1f2,31900,ON_SALE
완도의 특·상급 쑥갓,신선하고 향긋한 완도 쑥갓에 대한 상세 설명입니다.,067a8b9c-0d1e-4b1b-c0f4-00a1b2c3d4e5,27000,ON_SALE
햇출하 쫀득한 고구마,달콤하고 쫀득한 식감의 고구마입니다.,390d1e2f-3a4b-4e4e-f3c7-33d4e5f6a7b8,14500,ON_SALE
영주산 특·상급 당근,신선한 영주산 당근으로 맛과 품질이 뛰어납니다.,390d1e2f-3a4b-4e4e-f3c7-33d4e5f6a7b8,9800,ON_SALE
신안 해풍받은 시금치,신안에서 자란 신선한 시금치로 영양이 풍부합니다.,067a8b9c-0d1e-4b1b-c0f4-00a1b2c3d4e5,8500,ON_SALE
보성산 엄선된 쌈채소,보성에서 엄선한 신선한 쌈채소로 식탁을 화려하게 장식합니다.,067a8b9c-0d1e-4b1b-c0f4-00a1b2c3d4e5,12000,ON_SALE
달달한 태안 꽃게,신선한 태안산 꽃게에 대한 상세 설명입니다.,7d4b5c6d-7e8f-4c8c-d7a1-77b8c9d0e1f2,45000,ON_SALE
산지 직송 밀양 돼지고기,신선한 밀양산 돼지고기에 대한 상세 설명입니다.,9f6d7e8f-9a0b-4e0e-f9c3-99d0e1f2a3b4,29900,ON_SALE
제주산 아삭한 유기농 청경채,신선하고 아삭한 식감의 제주 청경채입니다.,067a8b9c-0d1e-4b1b-c0f4-00a1b2c3d4e5,15000,ON_SALE
고창 특·상급 유기농 배추,신선한 고창 배추로 만든 특·상급 품질의 배추입니다.,e45e6f7a-8b9c-49f9-a8d2-88e9f0a1b2c3,12000,ON_SALE
햇출하 쫀득한 밀양 감자,햇출하된 밀양 감자로 쫀득한 식감을 즐기세요.,390d1e2f-3a4b-4e4e-f3c7-33d4e5f6a7b8,9800,ON_SALE
전남 산지 선별 고당도 당근,전남에서 엄선한 고당도의 당근입니다.,390d1e2f-3a4b-4e4e-f3c7-33d4e5f6a7b8,11000,ON_SALE
횡성 지역 쌉싸름한 쑥갓,횡성에서 자란 쌉싸름한 맛의 신선한 쑥갓입니다.,067a8b9c-0d1e-4b1b-c0f4-00a1b2c3d4e5,8500,ON_SALE
제주에서 자란 특·상급 갈치,신선한 제주 갈치에 대한 상세 설명입니다.,7d4b5c6d-7e8f-4c8c-d7a1-77b8c9d0e1f2,48200,ON_SALE
고창산 엄선된 참조기,고창에서 조업한 신선한 참조기에 대한 상세 설명입니다.,7d4b5c6d-7e8f-4c8c-d7a1-77b8c9d0e1f2,55000,ON_SALE
횡성의 쫀득한 한우,횡성에서 키운 한우에 대한 상세 설명입니다.,9f6d7e8f-9a0b-4e0e-f9c3-99d0e1f2a3b4,120000,ON_SALE
영주산 고당도 토마토,영주에서 재배된 달달한 토마토에 대한 상세 설명입니다.,d34d5e6f-7a8b-48e8-f7c1-77d8e9f0a1b2,32000,ON_SALE
아삭한 영주 무,신선한 채소 영주 무에 대한 상세 설명입니다.,390d1e2f-3a4b-4e4e-f3c7-33d4e5f6a7b8,12000,ON_SALE
햇출하 쫀득한 고창 감자,고창 지역에서 자란 맛있는 감자에 대한 상세 설명입니다.,390d1e2f-3a4b-4e4e-f3c7-33d4e5f6a7b8,8500,ON_SALE
특·상급 청도 대파,청도에서 엄선한 품질 좋은 대파에 대한 상세 설명입니다.,067a8b9c-0d1e-4b1b-c0f4-00a1b2c3d4e5,15000,ON_SALE
산지 선별 쫄깃한 횡성 배추,횡성 지역의 신선한 배추에 대한 상세 설명입니다.,e45e6f7a-8b9c-49f9-a8d2-88e9f0a1b2c3,11000,ON_SALE
제주산 아삭한 오이,신선한 제주산 오이로 아삭한 식감이 매력적입니다.,7d4b5c6d-7e8f-4c8c-d7a1-77b8c9d0e1f2,9800,ON_SALE
밀양 엄선된 배,달콤한 밀양 배로 부드러운 식감을 제공합니다.,e45e6f7a-8b9c-49f9-a8d2-88e9f0a1b2c3,23000,ON_SALE
완도 신선한 전복,신선한 완도 전복으로 풍부한 해산물의 맛을 느껴보세요.,7d4b5c6d-7e8f-4c8c-d7a1-77b8c9d0e1f2,35000,ON_SALE
고창산 아삭한 열무,신선한 고창산 열무를 사용한 자세한 설명입니다.,390d1e2f-3a4b-4e4e-f3c7-33d4e5f6a7b8,7800,ON_SALE
제주산 쫀득한 흑돼지,자연에서 자란 제주산 흑돼지에 대한 상세 설명입니다.,9f6d7e8f-9a0b-4e0e-f9c3-99d0e1f2a3b4,35000,ON_SALE
산지 선별 특·상급 미역,신선한 미역에 대한 자세한 설명입니다.,067a8b9c-0d1e-4b1b-c0f4-00a1b2c3d4e5,15200,ON_SALE
햇출하로 담백한 방울토마토,신선하고 담백한 방울토마토에 대한 상세 설명입니다.,7d4b5c6d-7e8f-4c8c-d7a1-77b8c9d0e1f2,12000,ON_SALE
프리미엄 완도 미역,자연 그대로의 맛을 간직한 미역에 대한 상세 설명입니다.,067a8b9c-0d1e-4b1b-c0f4-00a1b2c3d4e5,15900,ON_SALE
고창 특·상급 유기농 당근,신선하고 맛있는 유기농 당근에 대한 상세 설명입니다.,390d1e2f-3a4b-4e4e-f3c7-33d4e5f6a7b8,21900,ON_SALE
산지 선별 고당도 브로콜리,신선함이 가득한 브로콜리에 대한 상세 설명입니다.,067a8b9c-0d1e-4b1b-c0f4-00a1b2c3d4e5,17900,ON_SALE
고당도 홍천 배,달콤한 맛이 일품인 홍천 배의 상세 설명입니다.,e45e6f7a-8b9c-49f9-a8d2-88e9f0a1b2c3,12000,ON_SALE
아삭한 완도 미역,신선한 완도 미역의 식감과 맛에 대한 상세 설명입니다.,067a8b9c-0d1e-4b1b-c0f4-00a1b2c3d4e5,8000,ON_SALE
햇출하 고창 무,싱싱한 고창 무의 풍미와 품질에 대한 상세 설명입니다.,390d1e2f-3a4b-4e4e-f3c7-33d4e5f6a7b8,5000,ON_SALE
아삭한 제주 청양고추,신선한 제주 청양고추에 대한 상세 설명입니다.,067a8b9c-0d1e-4b1b-c0f4-00a1b2c3d4e5,27800,ON_SALE
고당도 영주 쌀냉이,특별한 맛의 영주 쌀냉이에 대한 상세 설명입니다.,4a1e2f3a-4b5c-4f5f-a4d8-44e5f6a7b8c9,21500,ON_SALE
특·상급 해남 무청,해남에서 자란 신선한 무청에 대한 상세 설명입니다.,390d1e2f-3a4b-4e4e-f3c7-33d4e5f6a7b8,18900,ON_SALE
달달한 밀양 양파,밀양에서 자란 달달한 양파에 대한 상세 설명입니다.,067a8b9c-0d1e-4b1b-c0f4-00a1b2c3d4e5,16700,ON_SALE
제주산 엄선한 흰다리새우,신선한 제주산 흰다리새우의 상세 설명입니다.,7d4b5c6d-7e8f-4c8c-d7a1-77b8c9d0e1f2,24500,ON_SALE
달콤한 영주 배,영주에서 자란 달콤한 배의 상세 설명입니다.,e45e6f7a-8b9c-49f9-a8d2-88e9f0a1b2c3,19800,ON_SALE
쫄깃한 완도 전복,신선한 완도산 전복에 대한 상세 설명입니다.,7d4b5c6d-7e8f-4c8c-d7a1-77b8c9d0e1f2,38000,ON_SALE
고창산 특·상급 참깨,고창에서 재배한 특·상급 참깨의 상세 설명입니다.,6c3a4b5c-6d7e-4b7b-c6f0-66a7b8c9d0e1,15000,ON_SALE
산지 선별 해남 무,해남에서 엄선한 신선한 무의 상세 설명입니다.,390d1e2f-3a4b-4e4e-f3c7-33d4e5f6a7b8,12000,ON_SALE
햇출하 아삭한 영주 사과,신선한 햇출하 영주 사과의 상세 설명입니다.,e45e6f7a-8b9c-49f9-a8d2-88e9f0a1b2c3,12000,ON_SALE
고당도 태안 멜론,달콤하고 신선한 태안 멜론의 상세 설명입니다.,d34d5e6f-7a8b-48e8-f7c1-77d8e9f0a1b2,18000,ON_SALE
엄선된 청도 한우,프리미엄 청도 한우의 상세 설명입니다.,9f6d7e8f-9a0b-4e0e-f9c3-99d0e1f2a3b4,70000,ON_SALE
쫀득한 고창 생굴,신선하고 쫀득한 고창 생굴의 상세 설명입니다.,7d4b5c6d-7e8f-4c8c-d7a1-77b8c9d0e1f2,25000,ON_SALE
햇출하로 고당도 청도 복숭아,신선하고 달콤한 청도 복숭아에 대한 상세 설명입니다.,d34d5e6f-7a8b-48e8-f7c1-77d8e9f0a1b2,32000,ON_SALE
엄선된 해남 고구마,해남의 자연에서 자란 고구마에 대한 상세 설명입니다.,390d1e2f-3a4b-4e4e-f3c7-33d4e5f6a7b8,27000,ON_SALE
아삭한 밀양 오이,신선하고 아삭한 밀양 오이에 대한 상세 설명입니다.,7d4b5c6d-7e8f-4c8c-d7a1-77b8c9d0e1f2,15000,ON_SALE
달달한 영주 사과,영주에서 재배된 달달한 사과에 대한 상세 설명입니다.,e45e6f7a-8b9c-49f9-a8d2-88e9f0a1b2c3,32000,ON_SALE
제주 햇귤 산지직송,신선한 제주산 노지 귤로 상큼한 맛을 자랑합니다.,d34d5e6f-7a8b-48e8-f7c1-77d8e9f0a1b2,39500,ON_SALE
밀양 아삭한 사과 특·상급,아삭한 식감과 달콤함이 가득한 밀양 사과입니다.,e45e6f7a-8b9c-49f9-a8d2-88e9f0a1b2c3,42000,ON_SALE
청도 진한 풍미의 복숭아,청도의 햇살을 머금은 진한 풍미의 복숭아입니다.,d34d5e6f-7a8b-48e8-f7c1-77d8e9f0a1b2,45000,ON_SALE
완도 쫀득한 감귤,쫀득한 식감과 풍부한 맛이 일품인 완도 감귤입니다.,d34d5e6f-7a8b-48e8-f7c1-77d8e9f0a1b2,43000,ON_SALE
제주 천혜향 산지 선별,신선하고 달콤한 제주 천혜향에 대한 상세 설명입니다.,d34d5e6f-7a8b-48e8-f7c1-77d8e9f0a1b2,18500,ON_SALE
고창 엄선한 아삭한 배추,아삭하고 신선한 고창 배추에 대한 상세 설명입니다.,e45e6f7a-8b9c-49f9-a8d2-88e9f0a1b2c3,11200,ON_SALE
완도 해산물 특·상급 바지락,신선하고 맛있는 완도 바지락에 대한 상세 설명입니다.,7d4b5c6d-7e8f-4c8c-d7a1-77b8c9d0e1f2,14500,ON_SALE
밀양 고당도 미니사과,달콤하고 아삭한 밀양 미니사과에 대한 상세 설명입니다.,e45e6f7a-8b9c-49f9-a8d2-88e9f0a1b2c3,9800,ON_SALE
횡성 쫀득한 한우 육회용,육즙이 풍부한 횡성 한우에 대한 상세 설명입니다.,9f6d7e8f-9a0b-4e0e-f9c3-99d0e1f2a3b4,35000,ON_SALE
제주산 엄선된 고당도 감귤,"제주에서 자란 신선한 감귤로, 달콤한 맛이 특징입니다.",d34d5e6f-7a8b-48e8-f7c1-77d8e9f0a1b2,19800,ON_SALE
영주산 쫀득한 수박,"영주 지역에서 재배된 수박으로, 아삭하고 시원한 맛을 자랑합니다.",d34d5e6f-7a8b-48e8-f7c1-77d8e9f0a1b2,12500,ON_SALE
밀양 특·상급 찰옥수수,"밀양에서 엄선된 찰옥수수로, 부드러운 식감과 고소한 맛이 일품입니다.",4a1e2f3a-4b5c-4f5f-a4d8-44e5f6a7b8c9,8900,ON_SALE
해남산 아삭한 배추,"해남에서 자란 신선한 배추로, 아삭한 식감이 특징입니다.",e45e6f7a-8b9c-49f9-a8d2-88e9f0a1b2c3,6500,ON_SALE
논산 고품질 대파,"논산 지역에서 재배된 대파로, 풍부한 향과 신선함을 담고 있습니다.",d34d5e6f-7a8b-48e8-f7c1-77d8e9f0a1b2,4200,ON_SALE
제주 햇감귤 산지직송,"신선하고 달콤한 제주 감귤로, 자연의 풍미가 가득합니다.",d34d5e6f-7a8b-48e8-f7c1-77d8e9f0a1b2,19800,ON_SALE
아삭한 청도 복숭아 특·상급,"청도에서 재배된 신선한 복숭아로, 아삭한 식감과 풍부한 맛이 일품입니다.",d34d5e6f-7a8b-48e8-f7c1-77d8e9f0a1b2,21500,ON_SALE
영주 사과 고품질 선별,"영주에서 자란 상큼한 사과로, 최고의 품질로 엄선되었습니다.",e45e6f7a-8b9c-49f9-a8d2-88e9f0a1b2c3,17500,ON_SALE
달달한 캠벨얼리 포도 노지 재배,"노지에서 자란 캠벨얼리 포도로, 달콤한 맛과 향이 매력적입니다.",d34d5e6f-7a8b-48e8-f7c1-77d8e9f0a1b2,23000,ON_SALE
고창 유기농 시금치,"유기농으로 재배된 신선한 시금치로, 영양가가 높고 부드러운 맛이 일품입니다.",d34d5e6f-7a8b-48e8-f7c1-77d8e9f0a1b2,29000,ON_SALE
밀양 엄선된 가지,"부드러운 식감과 깊은 맛을 가진 밀양산 가지로, 다양한 요리에 적합합니다.",7d4b5c6d-7e8f-4c8c-d7a1-77b8c9d0e1f2,28000,ON_SALE
제주 청귤 산지 직송,신선한 제주 청귤을 바로 배송합니다.,e45e6f7a-8b9c-49f9-a8d2-88e9f0a1b2c3,24500,ON_SALE
달달한 베니하루카 고구마,자연에서 자란 달달한 베니하루카 고구마입니다.,390d1e2f-3a4b-4e4e-f3c7-33d4e5f6a7b8,19800,ON_SALE
아삭한 해남 멜론,신선한 해남 멜론의 아삭한 식감을 느껴보세요.,d34d5e6f-7a8b-48e8-f7c1-77d8e9f0a1b2,27500,ON_SALE
특·상급 완도 감귤,엄선된 특·상급 완도 감귤입니다.,d34d5e6f-7a8b-48e8-f7c1-77d8e9f0a1b2,22000,ON_SALE
전남 완도 특·상급 무,완도 지역에서 특별히 선별된 상급 무입니다.,390d1e2f-3a4b-4e4e-f3c7-33d4e5f6a7b8,8500,ON_SALE
햇출하 영주 쫀득한 시금치,영주에서 햇출하된 신선한 쫀득한 시금치입니다.,067a8b9c-0d1e-4b1b-c0f4-00a1b2c3d4e5,7000,ON_SALE
밀양 고당도 쪽파,밀양에서 자란 고당도의 신선한 쪽파입니다.,7d4b5c6d-7e8f-4c8c-d7a1-77b8c9d0e1f2,9500,ON_SALE
충청도 특·상급 얼갈이배추,충청도 지역에서 엄선된 상급 얼갈이배추입니다.,d34d5e6f-7a8b-48e8-f7c1-77d8e9f0a1b2,11000,ON_SALE
청도 고당도 복숭아,달콤한 맛이 일품인 청도산 복숭아입니다.,d34d5e6f-7a8b-48e8-f7c1-77d8e9f0a1b2,18900,ON_SALE
제주 감귤 특·상급,상큼한 맛이 가득한 제주산 감귤입니다.,d34d5e6f-7a8b-48e8-f7c1-77d8e9f0a1b2,14500,ON_SALE
햇출하 아삭한 샤인머스캣,신선하고 아삭한 식감의 샤인머스캣입니다.,d34d5e6f-7a8b-48e8-f7c1-77d8e9f0a1b2,22000,ON_SALE
완도 천혜향 엄선,진한 풍미가 느껴지는 완도산 천혜향입니다.,d34d5e6f-7a8b-48e8-f7c1-77d8e9f0a1b2,17500,ON_SALE
영주 캠벨얼리 산지 선별,달달하고 풍부한 맛의 영주산 캠벨얼리입니다.,7d4b5c6d-7e8f-4c8c-d7a1-77b8c9d0e1f2,12900,ON_SALE
아삭한 강원도 햇배추,강원도에서 신선하게 자란 햇배추에 대한 상세 설명입니다.,d34d5e6f-7a8b-48e8-f7c1-77d8e9f0a1b2,8900,ON_SALE
고당도 완도산 참조기,완도에서 잡힌 참조기에 대한 상세 설명입니다.,7d4b5c6d-7e8f-4c8c-d7a1-77b8c9d0e1f2,22000,ON_SALE
산지 선별 쫀득한 전라도 고구마,전라도에서 선별한 고구마에 대한 상세 설명입니다.,390d1e2f-3a4b-4e4e-f3c7-33d4e5f6a7b8,11000,ON_SALE
달달한 경북 영주 사과,영주에서 자란 사과에 대한 상세 설명입니다.,e45e6f7a-8b9c-49f9-a8d2-88e9f0a1b2c3,13500,ON_SALE
햇출하 고소한 완도 미역,신선한 바다의 향이 가득한 완도산 미역입니다.,067a8b9c-0d1e-4b1b-c0f4-00a1b2c3d4e5,25000,ON_SALE
특·상급 아삭한 청도 대파,아삭한 식감과 풍부한 맛이 특징인 청도산 대파입니다.,067a8b9c-0d1e-4b1b-c0f4-00a1b2c3d4e5,18000,ON_SALE
고당도 제주 흑마늘,제주에서 자란 깊고 진한 풍미의 흑마늘입니다.,7d4b5c6d-7e8f-4c8c-d7a1-77b8c9d0e1f2,32000,ON_SALE
엄선된 고창 생강,풍부한 향과 매운맛이 살아있는 고창산 생강입니다.,390d1e2f-3a4b-4e4e-f3c7-33d4e5f6a7b8,15000,ON_SALE
산지 선별로 고른 강원도 시금치,신선하고 부드러운 식감이 일품인 강원도산 시금치입니다.,067a8b9c-0d1e-4b1b-c0f4-00a1b2c3d4e5,20000,ON_SALE
달달한 제주 한라봉 엄선,제주에서 자란 신선한 한라봉에 대한 상세 설명입니다.,d34d5e6f-7a8b-48e8-f7c1-77d8e9f0a1b2,18900,ON_SALE
아삭한 고창 쌀쌀이 배,고창에서 수확한 아삭한 쌀쌀이 배에 대한 상세 설명입니다.,4a1e2f3a-4b5c-4f5f-a4d8-44e5f6a7b8c9,15600,ON_SALE
쫀득한 영주 사과,영주에서 자란 쫀득한 사과에 대한 상세 설명입니다.,e45e6f7a-8b9c-49f9-a8d2-88e9f0a1b2c3,22000,ON_SALE
신선한 해남 고구마,해남에서 자란 신선한 고구마에 대한 상세 설명입니다.,390d1e2f-3a4b-4e4e-f3c7-33d4e5f6a7b8,17800,ON_SALE
특·상급 고추잡채용 생 고기,"신선한 축산물로, 요리에 최적화된 고기입니다.",067a8b9c-0d1e-4b1b-c0f4-00a1b2c3d4e5,48900,ON_SALE
제주산 청정 자연산 전복,"신선한 자연산 전복으로, 풍부한 바다의 맛을 느낄 수 있습니다.",7d4b5c6d-7e8f-4c8c-d7a1-77b8c9d0e1f2,75200,ON_SALE
아삭한 쌈채소 모음,신선하고 아삭한 식감의 다양한 쌈채소를 모아 구성했습니다.,067a8b9c-0d1e-4b1b-c0f4-00a1b2c3d4e5,19800,ON_SALE
햇출하 노지 생닭,"신선한 노지에서 자란 생닭으로, 건강한 식사를 제공합니다.",9f6d7e8f-9a0b-4e0e-f9c3-99d0e1f2a3b4,47300,ON_SALE
프리미엄 한우 등심,"엄선된 품질의 한우 등심으로, 부드러운 식감이 일품입니다.",9f6d7e8f-9a0b-4e0e-f9c3-99d0e1f2a3b4,129800,ON_SALE
아삭한 고추산지 선별,신선한 고추에 대한 상세 설명입니다.,067a8b9c-0d1e-4b1b-c0f4-00a1b2c3d4e5,15800,ON_SALE
제주산 특·상급 양배추,신선한 양배추에 대한 상세 설명입니다.,d34d5e6f-7a8b-48e8-f7c1-77d8e9f0a1b2,21000,ON_SALE
고당도 홍고추,달콤한 홍고추에 대한 상세 설명입니다.,067a8b9c-0d1e-4b1b-c0f4-00a1b2c3d4e5,17500,ON_SALE
햇출하 쫀득한 새송이 버섯,신선한 새송이 버섯에 대한 상세 설명입니다.,067a8b9c-0d1e-4b1b-c0f4-00a1b2c3d4e5,23000,ON_SALE
밀양산 엄선된 대파,신선한 대파에 대한 상세 설명입니다.,067a8b9c-0d1e-4b1b-c0f4-00a1b2c3d4e5,12000,ON_SALE
고창산 아삭한 대파,신선한 대파의 아삭한 식감이 매력적인 제품입니다.,067a8b9c-0d1e-4b1b-c0f4-00a1b2c3d4e5,19800,ON_SALE
밀양 특·상급 청경채,산지에서 엄선한 특·상급 청경채로 신선함이 가득합니다.,067a8b9c-0d1e-4b1b-c0f4-00a1b2c3d4e5,22500,ON_SALE
해남산 고당도 무,달달한 맛이 일품인 해남산 고당도 무입니다.,390d1e2f-3a4b-4e4e-f3c7-33d4e5f6a7b8,16200,ON_SALE
횡성산 신선한 배추,신선함이 가득한 횡성산 배추로 다양한 요리에 활용하세요.,e45e6f7a-8b9c-49f9-a8d2-88e9f0a1b2c3,21000,ON_SALE
제주산 아삭한 쪽파,신선한 제주산 쪽파에 대한 상세 설명입니다.,7d4b5c6d-7e8f-4c8c-d7a1-77b8c9d0e1f2,19850,ON_SALE
햇출하 달콤한 무,신선한 무에 대한 상세 설명입니다.,390d1e2f-3a4b-4e4e-f3c7-33d4e5f6a7b8,12900,ON_SALE
성주 고당도 토마토,신선한 토마토에 대한 상세 설명입니다.,7d4b5c6d-7e8f-4c8c-d7a1-77b8c9d0e1f2,28700,ON_SALE
고창산 엄선된 아삭한 청경채,신선한 청경채의 특징을 살린 상세 설명입니다.,067a8b9c-0d1e-4b1b-c0f4-00a1b2c3d4e5,12000,ON_SALE
제주산 쫀득한 고등어,신선한 제주산 고등어의 풍미를 강조한 상세 설명입니다.,7d4b5c6d-7e8f-4c8c-d7a1-77b8c9d0e1f2,18500,ON_SALE
완도산 특·상급 자연산 전복,신선한 전복의 질감을 강조한 상세 설명입니다.,7d4b5c6d-7e8f-4c8c-d7a1-77b8c9d0e1f2,35000,ON_SALE
햇출하된 달달한 밀양 수박,신선한 수박의 달콤함을 강조한 상세 설명입니다.,d34d5e6f-7a8b-48e8-f7c1-77d8e9f0a1b2,22000,ON_SALE
성주산 고당도 복숭아,프리미엄 복숭아의 맛을 강조한 상세 설명입니다.,d34d5e6f-7a8b-48e8-f7c1-77d8e9f0a1b2,15000,ON_SALE
고창 고당도 방울토마토,달달한 맛이 일품인 고창 방울토마토에 대한 상세 설명입니다.,7d4b5c6d-7e8f-4c8c-d7a1-77b8c9d0e1f2,23500,ON_SALE
횡성산 엄선된 홍고추,신선하고 매운 횡성 홍고추에 대한 상세 설명입니다.,067a8b9c-0d1e-4b1b-c0f4-00a1b2c3d4e5,22000,ON_SALE
영주산 햇출하 브로콜리,신선한 영주 브로콜리에 대한 상세 설명입니다.,067a8b9c-0d1e-4b1b-c0f4-00a1b2c3d4e5,18000,ON_SALE
신선한 청도 아삭한 오이,신선한 청도에서 자란 아삭한 식감의 오이에 대한 상세 설명입니다.,7d4b5c6d-7e8f-4c8c-d7a1-77b8c9d0e1f2,12800,ON_SALE
햇출하 밀양 쫀득한 고구마,햇출하로 신선한 쫀득한 식감의 고구마에 대한 상세 설명입니다.,390d1e2f-3a4b-4e4e-f3c7-33d4e5f6a7b8,15600,ON_SALE
제주 특·상급 청경채,제주산 특·상급 품질의 청경채에 대한 상세 설명입니다.,067a8b9c-0d1e-4b1b-c0f4-00a1b2c3d4e5,9900,ON_SALE
고창 고당도 대파,고창에서 자란 고당도의 대파에 대한 상세 설명입니다.,067a8b9c-0d1e-4b1b-c0f4-00a1b2c3d4e5,8500,ON_SALE
해남 햇감자,해남에서 자란 신선한 햇감자에 대한 상세 설명입니다.,390d1e2f-3a4b-4e4e-f3c7-33d4e5f6a7b8,7200,ON_SALE
고창산 엄선한 쫀득한 홍합,신선한 홍합에 대한 상세 설명입니다.,7d4b5c6d-7e8f-4c8c-d7a1-77b8c9d0e1f2,18500,ON_SALE
완도에서 직송한 특·상급 전복,신선한 전복에 대한 상세 설명입니다.,7d4b5c6d-7e8f-4c8c-d7a1-77b8c9d0e1f2,35000,ON_SALE
밀양의 고당도 방울토마토,달콤한 방울토마토에 대한 상세 설명입니다.,7d4b5c6d-7e8f-4c8c-d7a1-77b8c9d0e1f2,14900,ON_SALE
제주산 신선한 갈치,아삭하고 신선한 갈치에 대한 상세 설명입니다.,7d4b5c6d-7e8f-4c8c-d7a1-77b8c9d0e1f2,24900,ON_SALE
제주 산지 선별 레드향,제주의 햇살 아래 자란 상큼한 레드향입니다.,d34d5e6f-7a8b-48e8-f7c1-77d8e9f0a1b2,32000,ON_SALE
달달한 청도 복숭아 특·상급,여름의 향기를 가득 담은 청도 복숭아입니다.,d34d5e6f-7a8b-48e8-f7c1-77d8e9f0a1b2,27000,ON_SALE
아삭한 밀양 수박,시원하고 아삭한 식감으로 여름을 즐기세요.,d34d5e6f-7a8b-48e8-f7c1-77d8e9f0a1b2,15000,ON_SALE
특선 완도 감귤,완도의 청정 환경에서 재배된 상큼한 감귤입니다.,d34d5e6f-7a8b-48e8-f7c1-77d8e9f0a1b2,23000,ON_SALE
햇출하로 신선한 아삭한 청양고추,신선한 청양고추의 매운맛과 아삭한 식감이 일품입니다.,067a8b9c-0d1e-4b1b-c0f4-00a1b2c3d4e5,14500,ON_SALE
고창 산지 선별 특·상급 상추,신선한 고창 상추로 아삭한 식감과 신선함을 자랑합니다.,067a8b9c-0d1e-4b1b-c0f4-00a1b2c3d4e5,12000,ON_SALE
제주 특·상급 방울토마토,달달하고 신선한 제주 방울토마토로 건강한 간식을 즐겨보세요.,7d4b5c6d-7e8f-4c8c-d7a1-77b8c9d0e1f2,15600,ON_SALE
쫀득한 성주 고구마,성주에서 자란 쫀득한 고구마로 건강한 식사를 만들어보세요.,390d1e2f-3a4b-4e4e-f3c7-33d4e5f6a7b8,11000,ON_SALE
햇출하 뭉클한 홍로사과,"햇출하로 신선한 홍로사과로, 달콤한 풍미가 매력적입니다.",e45e6f7a-8b9c-49f9-a8d2-88e9f0a1b2c3,17800,ON_SALE
밀양 특·상급 샤인머스캣,"밀양에서 선별한 특·상급 샤인머스캣으로, 쫀득한 식감이 특징입니다.",d34d5e6f-7a8b-48e8-f7c1-77d8e9f0a1b2,23500,ON_SALE
해남 고당도 청포도,"해남에서 자란 고당도의 청포도로, 상큼하고 달콤한 맛을 자랑합니다.",d34d5e6f-7a8b-48e8-f7c1-77d8e9f0a1b2,21500,ON_SALE
햇출하 고소한 청양고추,신선한 청양고추에 대한 상세 설명입니다.,067a8b9c-0d1e-4b1b-c0f4-00a1b2c3d4e5,15800,ON_SALE
엄선된 제주 무,신선한 제주 무에 대한 상세 설명입니다.,390d1e2f-3a4b-4e4e-f3c7-33d4e5f6a7b8,7800,ON_SALE
달달한 완도 양파,달콤한 맛의 완도 양파에 대한 상세 설명입니다.,067a8b9c-0d1e-4b1b-c0f4-00a1b2c3d4e5,10500,ON_SALE
해남 엄선 고당도 대파,"신선한 해남에서 자란 고당도의 대파로, 아삭한 식감이 특징입니다.",067a8b9c-0d1e-4b1b-c0f4-00a1b2c3d4e5,14500,ON_SALE
충주 특·상급 유기농 방울토마토,"충주에서 재배된 유기농 방울토마토로, 진한 풍미가 일품입니다.",d34d5e6f-7a8b-48e8-f7c1-77d8e9f0a1b2,19800,ON_SALE
밀양 아삭한 청상추,"밀양에서 자란 아삭한 청상추로, 샐러드에 적합한 신선함을 제공합니다.",067a8b9c-0d1e-4b1b-c0f4-00a1b2c3d4e5,8500,ON_SALE
완도 해산물 특·상급 전복,"완도에서 직접 잡은 특·상급 전복으로, 쫀득한 식감과 진한 바다의 맛이 느껴집니다.",7d4b5c6d-7e8f-4c8c-d7a1-77b8c9d0e1f2,45000,ON_SALE
햇출하로 고당도 샤인머스캣,신선한 햇출하로 자란 고당도 샤인머스캣의 상세 설명입니다.,d34d5e6f-7a8b-48e8-f7c1-77d8e9f0a1b2,18900,ON_SALE
